,time,Log ID,Course,Log Type,Machine ID,command,file,filename,full_command,stderr,stdout,diff_l,diff_wc,new_l,new_wc,old_l,old_wc,total_time(s)
0,2023-01-19 16:10:00,d04e4ff0c8708760457e1cefad014855b3262f35c85a7a76c87d1f72539299ec,Cyverse-RNA-Tutorial,Bash,a3f8b,ls,,,ls,,"data-store
stderr.txt
SuperShell
work",,,,,,,
1,2023-01-17 19:03:00,cb4db30c2a3bc9fca043f180f62c72c7d1bc8184cd74174aa62e5c80059c8c07,Cyverse-RNA-Tutorial,Bash,a07f4,ls,,,ls /home/jovyan,,"data-store
stderr.txt
stdout.txt
SuperShell
work",,,,,,,
2,2023-01-17 19:03:00,cb4db30c2a3bc9fca043f180f62c72c7d1bc8184cd74174aa62e5c80059c8c07,Cyverse-RNA-Tutorial,Bash,a07f4,ls,,.,ls .,,"data-store
stderr.txt
stdout.txt
SuperShell
work",,,,,,,
3,2023-01-17 19:03:00,cb4db30c2a3bc9fca043f180f62c72c7d1bc8184cd74174aa62e5c80059c8c07,Cyverse-RNA-Tutorial,Bash,a07f4,/home/jovyan/data-store/data/input/RNA_SEQ_SAMPLES,,,/home/jovyan/data-store/data/input/RNA_SEQ_SAMPLES,/home/jovyan/.offline.sh: line 368: /home/jovyan/data-store/data/input/RNA_SEQ_SAMPLES: Is a directory,,,,,,,,
4,2023-01-17 19:03:00,cb4db30c2a3bc9fca043f180f62c72c7d1bc8184cd74174aa62e5c80059c8c07,Cyverse-RNA-Tutorial,Bash,a07f4,ls,,,ls /home/jovyan/data-store/data/input/RNA_SEQ_SAMPLES,,"Drug_A
Drug_B",,,,,,,
5,2023-01-17 19:04:00,cb4db30c2a3bc9fca043f180f62c72c7d1bc8184cd74174aa62e5c80059c8c07,Cyverse-RNA-Tutorial,Bash,a07f4,ls,,./data/input/RNA_SEQ_SAMPLES,ls ./data/input/RNA_SEQ_SAMPLES,ls: cannot access './data/input/RNA_SEQ_SAMPLES': No such file or directory,,,,,,,,
6,2023-01-17 19:04:00,cb4db30c2a3bc9fca043f180f62c72c7d1bc8184cd74174aa62e5c80059c8c07,Cyverse-RNA-Tutorial,Bash,a07f4,ls,,./data-store/data/input/RNA_SEQ_SAMPLES,ls ./data-store/data/input/RNA_SEQ_SAMPLES,,"Drug_A
Drug_B",,,,,,,
7,2023-01-17 19:04:00,cb4db30c2a3bc9fca043f180f62c72c7d1bc8184cd74174aa62e5c80059c8c07,Cyverse-RNA-Tutorial,Bash,a07f4,ls,,stderr.txtls,ls stderr.txtls stderr.txt,ls: cannot access 'stderr.txtls': No such file or directory,stderr.txt,,,,,,,
8,2023-01-17 19:05:00,cb4db30c2a3bc9fca043f180f62c72c7d1bc8184cd74174aa62e5c80059c8c07,Cyverse-RNA-Tutorial,Bash,a07f4,ls,,stderr.txt,ls stderr.txt,,stderr.txt,,,,,,,
9,2023-01-17 19:08:00,cb4db30c2a3bc9fca043f180f62c72c7d1bc8184cd74174aa62e5c80059c8c07,Cyverse-RNA-Tutorial,Bash,a07f4,ls,,,ls d^t,ls: cannot access 'd^t': No such file or directory,,,,,,,,
10,2023-01-17 19:08:00,cb4db30c2a3bc9fca043f180f62c72c7d1bc8184cd74174aa62e5c80059c8c07,Cyverse-RNA-Tutorial,Bash,a07f4,ls,,,ls,,"data-store
stderr.txt
stdout.txt
SuperShell
work",,,,,,,
11,2023-01-17 19:10:00,cb4db30c2a3bc9fca043f180f62c72c7d1bc8184cd74174aa62e5c80059c8c07,Cyverse-RNA-Tutorial,Bash,a07f4,ls,,,ls data-store/data/input/Discov,ls: cannot access 'data-store/data/input/Discov': No such file or directory,,,,,,,,
12,2023-01-17 19:10:00,cb4db30c2a3bc9fca043f180f62c72c7d1bc8184cd74174aa62e5c80059c8c07,Cyverse-RNA-Tutorial,Bash,a07f4,ls,,,ls -l data-store/data/input/Discovery/,,"total 0
dr-x------ 1 jovyan jovyan 0 Sep 20 17:53 FilteredSortedOutput
dr-x------ 1 jovyan jovyan 0 Sep 20 17:53 RNASequenceOutput
dr-x------ 1 jovyan jovyan 0 Sep 20 17:53 TSVFiles
dr-x------ 1 jovyan jovyan 0 Sep 20 17:54 UncompressedSamples",,,,,,,
13,2023-01-17 19:11:00,cb4db30c2a3bc9fca043f180f62c72c7d1bc8184cd74174aa62e5c80059c8c07,Cyverse-RNA-Tutorial,Bash,a07f4,ls,,,ls -l data-store/data/input/Discovery/,,"total 0
dr-x------ 1 jovyan jovyan 0 Sep 20 17:53 FilteredSortedOutput
dr-x------ 1 jovyan jovyan 0 Sep 20 17:53 RNASequenceOutput
dr-x------ 1 jovyan jovyan 0 Sep 20 17:53 TSVFiles
dr-x------ 1 jovyan jovyan 0 Sep 20 17:54 UncompressedSamples",,,,,,,
14,2023-01-17 19:12:00,cb4db30c2a3bc9fca043f180f62c72c7d1bc8184cd74174aa62e5c80059c8c07,Cyverse-RNA-Tutorial,Bash,a07f4,ls,,,ls -l data-store/data/input/Discovery/TSVFiles,,total 0,,,,,,,
15,2023-01-17 19:12:00,cb4db30c2a3bc9fca043f180f62c72c7d1bc8184cd74174aa62e5c80059c8c07,Cyverse-RNA-Tutorial,Bash,a07f4,cd,,,cd data-store/,,,,,,,,,
16,2023-01-17 19:12:00,cb4db30c2a3bc9fca043f180f62c72c7d1bc8184cd74174aa62e5c80059c8c07,Cyverse-RNA-Tutorial,Bash,a07f4,ls,,,ls,,"data
home",,,,,,,
17,2023-01-17 19:12:00,cb4db30c2a3bc9fca043f180f62c72c7d1bc8184cd74174aa62e5c80059c8c07,Cyverse-RNA-Tutorial,Bash,a07f4,cd,,,cd data,,,,,,,,,
18,2023-01-17 19:12:00,cb4db30c2a3bc9fca043f180f62c72c7d1bc8184cd74174aa62e5c80059c8c07,Cyverse-RNA-Tutorial,Bash,a07f4,ls,,,ls,,"input
iplant
output",,,,,,,
19,2023-01-17 19:12:00,cb4db30c2a3bc9fca043f180f62c72c7d1bc8184cd74174aa62e5c80059c8c07,Cyverse-RNA-Tutorial,Bash,a07f4,cd,,,cd input/,,,,,,,,,
20,2023-01-17 19:12:00,cb4db30c2a3bc9fca043f180f62c72c7d1bc8184cd74174aa62e5c80059c8c07,Cyverse-RNA-Tutorial,Bash,a07f4,ls,,,ls,,"Bash
Discovery
DNASubway
RNA_SEQ_SAMPLES",,,,,,,
21,2023-01-17 19:12:00,cb4db30c2a3bc9fca043f180f62c72c7d1bc8184cd74174aa62e5c80059c8c07,Cyverse-RNA-Tutorial,Bash,a07f4,cd,,,cd Discovery/,,,,,,,,,
22,2023-01-17 19:12:00,cb4db30c2a3bc9fca043f180f62c72c7d1bc8184cd74174aa62e5c80059c8c07,Cyverse-RNA-Tutorial,Bash,a07f4,ls,,,ls,,"FilteredSortedOutput
RNASequenceOutput
TSVFiles
UncompressedSamples",,,,,,,
23,2023-01-17 19:12:00,cb4db30c2a3bc9fca043f180f62c72c7d1bc8184cd74174aa62e5c80059c8c07,Cyverse-RNA-Tutorial,Bash,a07f4,cd,,,cd TSVFiles/,,,,,,,,,
24,2023-01-17 19:12:00,cb4db30c2a3bc9fca043f180f62c72c7d1bc8184cd74174aa62e5c80059c8c07,Cyverse-RNA-Tutorial,Bash,a07f4,ls,,,ls,,,,,,,,,
25,2023-01-17 19:13:00,cb4db30c2a3bc9fca043f180f62c72c7d1bc8184cd74174aa62e5c80059c8c07,Cyverse-RNA-Tutorial,Bash,a07f4,cd,,,cd ~,,,,,,,,,
26,2023-01-17 19:13:00,cb4db30c2a3bc9fca043f180f62c72c7d1bc8184cd74174aa62e5c80059c8c07,Cyverse-RNA-Tutorial,Bash,a07f4,ls,,,ls,,"data-store
stderr.txt
SuperShell
work",,,,,,,
27,2023-01-17 19:13:00,cb4db30c2a3bc9fca043f180f62c72c7d1bc8184cd74174aa62e5c80059c8c07,Cyverse-RNA-Tutorial,Bash,a07f4,pwd,,,pwd,,/home/jovyan,,,,,,,
28,2023-01-17 19:13:00,cb4db30c2a3bc9fca043f180f62c72c7d1bc8184cd74174aa62e5c80059c8c07,Cyverse-RNA-Tutorial,Bash,a07f4,history,,,history,," 1 ls /home/jovyan
 2 ls .
 3 /home/jovyan/data-store/data/input/RNA_SEQ_SAMPLES
 4 ls /home/jovyan/data-store/data/input/RNA_SEQ_SAMPLES
 5 ls ./data/input/RNA_SEQ_SAMPLES
 6 ls ./data-store/data/input/RNA_SEQ_SAMPLES
 7 ls stderr.txtls stderr.txt
 8 ls stderr.txt
 9 ls d^t
 10 ls
 11 ls data-store/data/input/Discov
 12 ls -l data-store/data/input/Discovery/
 13 ls -l data-store/data/input/Discovery/
 14 ls -l data-store/data/input/Discovery/TSVFiles
 15 cd data-store/
 16 ls
 17 cd data
 18 ls
 19 cd input/
 20 ls
 21 cd Discovery/
 22 ls
 23 cd TSVFiles/
 24 ls
 25 cd ~
 26 ls
 27 pwd
 28 history",,,,,,,
29,2023-01-17 19:14:00,cb4db30c2a3bc9fca043f180f62c72c7d1bc8184cd74174aa62e5c80059c8c07,Cyverse-RNA-Tutorial,Bash,a07f4,ls,,,ls,,"data-store
stderr.txt
stdout.txt
SuperShell
work",,,,,,,
30,2023-01-17 19:14:00,cb4db30c2a3bc9fca043f180f62c72c7d1bc8184cd74174aa62e5c80059c8c07,Cyverse-RNA-Tutorial,Bash,a07f4,history,,,history,," 1 ls /home/jovyan
 2 ls .
 3 /home/jovyan/data-store/data/input/RNA_SEQ_SAMPLES
 4 ls /home/jovyan/data-store/data/input/RNA_SEQ_SAMPLES
 5 ls ./data/input/RNA_SEQ_SAMPLES
 6 ls ./data-store/data/input/RNA_SEQ_SAMPLES
 7 ls stderr.txtls stderr.txt
 8 ls stderr.txt
 9 ls d^t
 10 ls
 11 ls data-store/data/input/Discov
 12 ls -l data-store/data/input/Discovery/
 13 ls -l data-store/data/input/Discovery/
 14 ls -l data-store/data/input/Discovery/TSVFiles
 15 cd data-store/
 16 ls
 17 cd data
 18 ls
 19 cd input/
 20 ls
 21 cd Discovery/
 22 ls
 23 cd TSVFiles/
 24 ls
 25 cd ~
 26 ls
 27 pwd
 28 history
 29 ! !
 30 ! !.
 31 ! pw
 32 ls
 33 history",,,,,,,
31,2023-01-17 19:15:00,cb4db30c2a3bc9fca043f180f62c72c7d1bc8184cd74174aa62e5c80059c8c07,Cyverse-RNA-Tutorial,Bash,a07f4,history,,,history,," 1 ls /home/jovyan
 2 ls .
 3 /home/jovyan/data-store/data/input/RNA_SEQ_SAMPLES
 4 ls /home/jovyan/data-store/data/input/RNA_SEQ_SAMPLES
 5 ls ./data/input/RNA_SEQ_SAMPLES
 6 ls ./data-store/data/input/RNA_SEQ_SAMPLES
 7 ls stderr.txtls stderr.txt
 8 ls stderr.txt
 9 ls d^t
 10 ls
 11 ls data-store/data/input/Discov
 12 ls -l data-store/data/input/Discovery/
 13 ls -l data-store/data/input/Discovery/
 14 ls -l data-store/data/input/Discovery/TSVFiles
 15 cd data-store/
 16 ls
 17 cd data
 18 ls
 19 cd input/
 20 ls
 21 cd Discovery/
 22 ls
 23 cd TSVFiles/
 24 ls
 25 cd ~
 26 ls
 27 pwd
 28 history
 29 ! !
 30 ! !.
 31 ! pw
 32 ls
 33 history
 34 !
 35 history",,,,,,,
32,2023-01-17 19:22:00,cb4db30c2a3bc9fca043f180f62c72c7d1bc8184cd74174aa62e5c80059c8c07,Cyverse-RNA-Tutorial,Bash,a07f4,ls,,,ls -l,,"total 4
drwxrwsrwx 2 root jovyan 42 Jan 17 18:58 data-store
-rw-r--r-- 1 jovyan users 0 Jan 17 19:22 stderr.txt
-rw-r--r-- 1 jovyan users 0 Jan 17 19:22 stdout.txt
drwxr-xr-x 6 jovyan users 4096 Jan 17 19:03 SuperShell
drwsrwsr-x. 2 jovyan users 6 May 3 2022 work",,,,,,,
33,2023-01-17 19:22:00,cb4db30c2a3bc9fca043f180f62c72c7d1bc8184cd74174aa62e5c80059c8c07,Cyverse-RNA-Tutorial,Bash,a07f4,clear,,,clear,,[H[2J[3J,,,,,,,
34,2023-01-17 19:23:00,cb4db30c2a3bc9fca043f180f62c72c7d1bc8184cd74174aa62e5c80059c8c07,Cyverse-RNA-Tutorial,Bash,a07f4,ls,,,ls -l,,"total 4
drwxrwsrwx 2 root jovyan 42 Jan 17 18:58 data-store
-rw-r--r-- 1 jovyan users 0 Jan 17 19:23 stderr.txt
-rw-r--r-- 1 jovyan users 0 Jan 17 19:23 stdout.txt
drwxr-xr-x 6 jovyan users 4096 Jan 17 19:03 SuperShell
drwsrwsr-x. 2 jovyan users 6 May 3 2022 work",,,,,,,
35,2023-01-17 19:23:00,cb4db30c2a3bc9fca043f180f62c72c7d1bc8184cd74174aa62e5c80059c8c07,Cyverse-RNA-Tutorial,Bash,a07f4,ls,,,ls -l stderr.txt,,-rw-r--r-- 1 jovyan users 0 Jan 17 19:23 stderr.txt,,,,,,,
36,2023-01-17 19:24:00,cb4db30c2a3bc9fca043f180f62c72c7d1bc8184cd74174aa62e5c80059c8c07,Cyverse-RNA-Tutorial,Bash,a07f4,ls,,,ls -l ./data-store/data/input/RNA_SEQ_SAMPLES/ stderr.txt,,"-rw-r--r-- 1 jovyan users 0 Jan 17 19:24 stderr.txt

./data-store/data/input/RNA_SEQ_SAMPLES/:
total 0
dr-x------ 1 jovyan jovyan 0 May 29 2020 Drug_A
dr-x------ 1 jovyan jovyan 0 May 29 2020 Drug_B",,,,,,,
37,2023-01-17 19:24:00,cb4db30c2a3bc9fca043f180f62c72c7d1bc8184cd74174aa62e5c80059c8c07,Cyverse-RNA-Tutorial,Bash,a07f4,ls,,,ls -l -R ./data-store/data/input/RNA_SEQ_SAMPLES/,,"./data-store/data/input/RNA_SEQ_SAMPLES/:
total 0
dr-x------ 1 jovyan jovyan 0 May 29 2020 Drug_A
dr-x------ 1 jovyan jovyan 0 May 29 2020 Drug_B

./data-store/data/input/RNA_SEQ_SAMPLES/Drug_A:
total 0
-r-------- 1 jovyan jovyan 3677295 May 20 2020 Drug_A_1.fastq
-r-------- 1 jovyan jovyan 804307 May 20 2020 Drug_A_1.fastq.gz
-r-------- 1 jovyan jovyan 3978812 May 22 2020 Drug_A_2.fastq
-r-------- 1 jovyan jovyan 772800 May 20 2020 Drug_A_2.fastq.gz

./data-store/data/input/RNA_SEQ_SAMPLES/Drug_B:
total 0
-r-------- 1 jovyan jovyan 3978812 May 20 2020 Drug_B_1.fastq
-r-------- 1 jovyan jovyan 827189 May 22 2020 Drug_B_1.fastq.gz
-r-------- 1 jovyan jovyan 3978812 May 20 2020 Drug_B_2.fastq
-r-------- 1 jovyan jovyan 827189 May 22 2020 Drug_B_2.fastq.gz",,,,,,,
38,2023-01-17 19:25:00,cb4db30c2a3bc9fca043f180f62c72c7d1bc8184cd74174aa62e5c80059c8c07,Cyverse-RNA-Tutorial,Bash,a07f4,clear,,,clear,,[H[2J[3J,,,,,,,
39,2023-01-17 19:26:00,cb4db30c2a3bc9fca043f180f62c72c7d1bc8184cd74174aa62e5c80059c8c07,Cyverse-RNA-Tutorial,Bash,a07f4,ls,,,ls -l -R data-store/data/input/RNA_SEQ_SAMPLES/,,"data-store/data/input/RNA_SEQ_SAMPLES/:
total 0
dr-x------ 1 jovyan jovyan 0 May 29 2020 Drug_A
dr-x------ 1 jovyan jovyan 0 May 29 2020 Drug_B

data-store/data/input/RNA_SEQ_SAMPLES/Drug_A:
total 0
-r-------- 1 jovyan jovyan 3677295 May 20 2020 Drug_A_1.fastq
-r-------- 1 jovyan jovyan 804307 May 20 2020 Drug_A_1.fastq.gz
-r-------- 1 jovyan jovyan 3978812 May 22 2020 Drug_A_2.fastq
-r-------- 1 jovyan jovyan 772800 May 20 2020 Drug_A_2.fastq.gz

data-store/data/input/RNA_SEQ_SAMPLES/Drug_B:
total 0
-r-------- 1 jovyan jovyan 3978812 May 20 2020 Drug_B_1.fastq
-r-------- 1 jovyan jovyan 827189 May 22 2020 Drug_B_1.fastq.gz
-r-------- 1 jovyan jovyan 3978812 May 20 2020 Drug_B_2.fastq
-r-------- 1 jovyan jovyan 827189 May 22 2020 Drug_B_2.fastq.gz",,,,,,,
40,2023-01-17 19:26:00,cb4db30c2a3bc9fca043f180f62c72c7d1bc8184cd74174aa62e5c80059c8c07,Cyverse-RNA-Tutorial,Bash,a07f4,cd,,,cd data-store/data/input/RNA_SEQ_SAMPLES/,,,,,,,,,
41,2023-01-17 19:26:00,cb4db30c2a3bc9fca043f180f62c72c7d1bc8184cd74174aa62e5c80059c8c07,Cyverse-RNA-Tutorial,Bash,a07f4,pwd,,,pwd,,/home/jovyan/data-store/data/input/RNA_SEQ_SAMPLES,,,,,,,
42,2023-01-17 19:27:00,cb4db30c2a3bc9fca043f180f62c72c7d1bc8184cd74174aa62e5c80059c8c07,Cyverse-RNA-Tutorial,Bash,a07f4,ls,,,ls,,"Drug_A
Drug_B",,,,,,,
43,2023-01-17 19:29:00,cb4db30c2a3bc9fca043f180f62c72c7d1bc8184cd74174aa62e5c80059c8c07,Cyverse-RNA-Tutorial,Bash,a07f4,cd,,..,cd ..,,,,,,,,,
44,2023-01-17 19:29:00,cb4db30c2a3bc9fca043f180f62c72c7d1bc8184cd74174aa62e5c80059c8c07,Cyverse-RNA-Tutorial,Bash,a07f4,pwd,,,pwd,,/home/jovyan/data-store/data/input,,,,,,,
45,2023-01-17 19:30:00,cb4db30c2a3bc9fca043f180f62c72c7d1bc8184cd74174aa62e5c80059c8c07,Cyverse-RNA-Tutorial,Bash,a07f4,cd,,..,cd ..,,,,,,,,,
46,2023-01-17 19:30:00,cb4db30c2a3bc9fca043f180f62c72c7d1bc8184cd74174aa62e5c80059c8c07,Cyverse-RNA-Tutorial,Bash,a07f4,ls,,,ls,,"input
iplant
output",,,,,,,
47,2023-01-17 19:30:00,cb4db30c2a3bc9fca043f180f62c72c7d1bc8184cd74174aa62e5c80059c8c07,Cyverse-RNA-Tutorial,Bash,a07f4,pwd,,,pwd,,/home/jovyan/data-store/data,,,,,,,
48,2023-01-17 19:31:00,cb4db30c2a3bc9fca043f180f62c72c7d1bc8184cd74174aa62e5c80059c8c07,Cyverse-RNA-Tutorial,Bash,a07f4,cd,,,cd data-store/data/input/RNA_SEQ_SAMPLES/,/home/jovyan/.offline.sh: line 354: cd: data-store/data/input/RNA_SEQ_SAMPLES/: No such file or directory,,,,,,,,
49,2023-01-17 19:31:00,cb4db30c2a3bc9fca043f180f62c72c7d1bc8184cd74174aa62e5c80059c8c07,Cyverse-RNA-Tutorial,Bash,a07f4,ls,,,ls,,"input
iplant
output",,,,,,,
50,2023-01-17 19:31:00,cb4db30c2a3bc9fca043f180f62c72c7d1bc8184cd74174aa62e5c80059c8c07,Cyverse-RNA-Tutorial,Bash,a07f4,cd,,,cd input/,,,,,,,,,
51,2023-01-17 19:31:00,cb4db30c2a3bc9fca043f180f62c72c7d1bc8184cd74174aa62e5c80059c8c07,Cyverse-RNA-Tutorial,Bash,a07f4,ls,,,ls,,"Bash
Discovery
DNASubway
RNA_SEQ_SAMPLES",,,,,,,
52,2023-01-17 19:31:00,cb4db30c2a3bc9fca043f180f62c72c7d1bc8184cd74174aa62e5c80059c8c07,Cyverse-RNA-Tutorial,Bash,a07f4,cd,,,cd RNA_SEQ_SAMPLES/,,,,,,,,,
53,2023-01-17 19:31:00,cb4db30c2a3bc9fca043f180f62c72c7d1bc8184cd74174aa62e5c80059c8c07,Cyverse-RNA-Tutorial,Bash,a07f4,ls,,,ls,,"Drug_A
Drug_B",,,,,,,
54,2023-01-17 19:31:00,cb4db30c2a3bc9fca043f180f62c72c7d1bc8184cd74174aa62e5c80059c8c07,Cyverse-RNA-Tutorial,Bash,a07f4,ls,,,ls,,"Drug_A
Drug_B",,,,,,,
55,2023-01-17 19:31:00,cb4db30c2a3bc9fca043f180f62c72c7d1bc8184cd74174aa62e5c80059c8c07,Cyverse-RNA-Tutorial,Bash,a07f4,pwd,,,pwd,,/home/jovyan/data-store/data/input/RNA_SEQ_SAMPLES,,,,,,,
56,2023-01-17 19:31:00,cb4db30c2a3bc9fca043f180f62c72c7d1bc8184cd74174aa62e5c80059c8c07,Cyverse-RNA-Tutorial,Bash,a07f4,cd,,..,cd ..,,,,,,,,,
57,2023-01-17 19:31:00,cb4db30c2a3bc9fca043f180f62c72c7d1bc8184cd74174aa62e5c80059c8c07,Cyverse-RNA-Tutorial,Bash,a07f4,pwd,,,pwd,,/home/jovyan/data-store/data/input,,,,,,,
58,2023-01-17 19:33:00,cb4db30c2a3bc9fca043f180f62c72c7d1bc8184cd74174aa62e5c80059c8c07,Cyverse-RNA-Tutorial,Bash,a07f4,cd,,..,cd ..,,,,,,,,,
59,2023-01-17 19:33:00,cb4db30c2a3bc9fca043f180f62c72c7d1bc8184cd74174aa62e5c80059c8c07,Cyverse-RNA-Tutorial,Bash,a07f4,pwd,,,pwd,,/home/jovyan/data-store/data,,,,,,,
60,2023-01-17 19:33:00,cb4db30c2a3bc9fca043f180f62c72c7d1bc8184cd74174aa62e5c80059c8c07,Cyverse-RNA-Tutorial,Bash,a07f4,cd,,,cd /home/jovyan/data-store/data/input/RNA_SEQ_SAMPLES/Drug_B,,,,,,,,,
61,2023-01-17 19:34:00,cb4db30c2a3bc9fca043f180f62c72c7d1bc8184cd74174aa62e5c80059c8c07,Cyverse-RNA-Tutorial,Bash,a07f4,cd,,,cd ~,,,,,,,,,
62,2023-01-17 19:34:00,cb4db30c2a3bc9fca043f180f62c72c7d1bc8184cd74174aa62e5c80059c8c07,Cyverse-RNA-Tutorial,Bash,a07f4,ls,,,ls,,"data-store
stderr.txt
SuperShell
work",,,,,,,
63,2023-01-17 19:34:00,cb4db30c2a3bc9fca043f180f62c72c7d1bc8184cd74174aa62e5c80059c8c07,Cyverse-RNA-Tutorial,Bash,a07f4,cd,,,cd ~/data-store/data/input/RNA_SEQ_SAMPLES/Drug_B,,,,,,,,,
64,2023-01-17 19:34:00,cb4db30c2a3bc9fca043f180f62c72c7d1bc8184cd74174aa62e5c80059c8c07,Cyverse-RNA-Tutorial,Bash,a07f4,cd,,,cd,,,,,,,,,
65,2023-01-17 19:34:00,cb4db30c2a3bc9fca043f180f62c72c7d1bc8184cd74174aa62e5c80059c8c07,Cyverse-RNA-Tutorial,Bash,a07f4,pwd,,,pwd,,/home/jovyan,,,,,,,
66,2023-01-17 19:35:00,cb4db30c2a3bc9fca043f180f62c72c7d1bc8184cd74174aa62e5c80059c8c07,Cyverse-RNA-Tutorial,Bash,a07f4,cd,,,cd ~/data-store/data/input/RNA_SEQ_SAMPLES/Drug_A,,,,,,,,,
67,2023-01-17 19:36:00,cb4db30c2a3bc9fca043f180f62c72c7d1bc8184cd74174aa62e5c80059c8c07,Cyverse-RNA-Tutorial,Bash,a07f4,which,,,which ls,,/usr/bin/ls,,,,,,,
68,2023-01-17 19:37:00,cb4db30c2a3bc9fca043f180f62c72c7d1bc8184cd74174aa62e5c80059c8c07,Cyverse-RNA-Tutorial,Bash,a07f4,cd,,,cd ~/data-store/data/input/RNA_SEQ_SAMPLES/Drug_B,,,,,,,,,
69,2023-01-17 19:37:00,cb4db30c2a3bc9fca043f180f62c72c7d1bc8184cd74174aa62e5c80059c8c07,Cyverse-RNA-Tutorial,Bash,a07f4,cd,,../Drug_B,cd ../Drug_B,,,,,,,,,
70,2023-01-17 19:38:00,cb4db30c2a3bc9fca043f180f62c72c7d1bc8184cd74174aa62e5c80059c8c07,Cyverse-RNA-Tutorial,Bash,a07f4,cd,,../..,cd ../..,,,,,,,,,
71,2023-01-17 19:38:00,cb4db30c2a3bc9fca043f180f62c72c7d1bc8184cd74174aa62e5c80059c8c07,Cyverse-RNA-Tutorial,Bash,a07f4,cd,,,cd RNA_SEQ_SAMPLES/Drug_B,,,,,,,,,
72,2023-01-17 19:38:00,cb4db30c2a3bc9fca043f180f62c72c7d1bc8184cd74174aa62e5c80059c8c07,Cyverse-RNA-Tutorial,Bash,a07f4,ls,,,ls -a,,"Drug_B_1.fastq
Drug_B_1.fastq.gz
Drug_B_2.fastq
Drug_B_2.fastq.gz",,,,,,,
73,2023-01-17 19:38:00,cb4db30c2a3bc9fca043f180f62c72c7d1bc8184cd74174aa62e5c80059c8c07,Cyverse-RNA-Tutorial,Bash,a07f4,cd,,./../Drug_A,cd ./../Drug_A,,,,,,,,,
74,2023-01-17 19:39:00,cb4db30c2a3bc9fca043f180f62c72c7d1bc8184cd74174aa62e5c80059c8c07,Cyverse-RNA-Tutorial,Bash,a07f4,cd,,,cd /home/jovyan/data-store/data/output,,,,,,,,,
75,2023-01-17 19:39:00,cb4db30c2a3bc9fca043f180f62c72c7d1bc8184cd74174aa62e5c80059c8c07,Cyverse-RNA-Tutorial,Bash,a07f4,ls,,,ls,,,,,,,,,
76,2023-01-17 19:39:00,cb4db30c2a3bc9fca043f180f62c72c7d1bc8184cd74174aa62e5c80059c8c07,Cyverse-RNA-Tutorial,Bash,a07f4,mkdir,,,mkdir misc_child,,,,,,,,,
77,2023-01-17 19:39:00,cb4db30c2a3bc9fca043f180f62c72c7d1bc8184cd74174aa62e5c80059c8c07,Cyverse-RNA-Tutorial,Bash,a07f4,mkdir,,,mkdir misc,,,,,,,,,
78,2023-01-17 19:40:00,cb4db30c2a3bc9fca043f180f62c72c7d1bc8184cd74174aa62e5c80059c8c07,Cyverse-RNA-Tutorial,Bash,a07f4,cd,,,cd misc,,,,,,,,,
79,2023-01-17 19:40:00,cb4db30c2a3bc9fca043f180f62c72c7d1bc8184cd74174aa62e5c80059c8c07,Cyverse-RNA-Tutorial,Bash,a07f4,ls,,,ls,,,,,,,,,
80,2023-01-17 19:40:00,cb4db30c2a3bc9fca043f180f62c72c7d1bc8184cd74174aa62e5c80059c8c07,Cyverse-RNA-Tutorial,Bash,a07f4,mkdir,,,mkdir misc_child,,,,,,,,,
81,2023-01-17 19:40:00,cb4db30c2a3bc9fca043f180f62c72c7d1bc8184cd74174aa62e5c80059c8c07,Cyverse-RNA-Tutorial,Bash,a07f4,ls,,,ls,,misc_child,,,,,,,
82,2023-01-17 19:40:00,cb4db30c2a3bc9fca043f180f62c72c7d1bc8184cd74174aa62e5c80059c8c07,Cyverse-RNA-Tutorial,Bash,a07f4,mkdir,,,mkdir misc_child/misc_child_child,,,,,,,,,
83,2023-01-17 19:41:00,cb4db30c2a3bc9fca043f180f62c72c7d1bc8184cd74174aa62e5c80059c8c07,Cyverse-RNA-Tutorial,Bash,a07f4,ls,,,ls,,misc_child,,,,,,,
84,2023-01-17 19:41:00,cb4db30c2a3bc9fca043f180f62c72c7d1bc8184cd74174aa62e5c80059c8c07,Cyverse-RNA-Tutorial,Bash,a07f4,pwd,,,pwd,,/home/jovyan/data-store/data/output/misc,,,,,,,
85,2023-01-17 19:41:00,cb4db30c2a3bc9fca043f180f62c72c7d1bc8184cd74174aa62e5c80059c8c07,Cyverse-RNA-Tutorial,Bash,a07f4,cd,,..,cd ..,,,,,,,,,
86,2023-01-17 19:41:00,cb4db30c2a3bc9fca043f180f62c72c7d1bc8184cd74174aa62e5c80059c8c07,Cyverse-RNA-Tutorial,Bash,a07f4,ls,,,ls,,"misc
misc_child",,,,,,,
87,2023-01-17 19:41:00,cb4db30c2a3bc9fca043f180f62c72c7d1bc8184cd74174aa62e5c80059c8c07,Cyverse-RNA-Tutorial,Bash,a07f4,pwd,,,pwd,,/home/jovyan/data-store/data/output,,,,,,,
88,2023-01-17 19:41:00,cb4db30c2a3bc9fca043f180f62c72c7d1bc8184cd74174aa62e5c80059c8c07,Cyverse-RNA-Tutorial,Bash,a07f4,cd,,,cd misc,,,,,,,,,
89,2023-01-17 19:41:00,cb4db30c2a3bc9fca043f180f62c72c7d1bc8184cd74174aa62e5c80059c8c07,Cyverse-RNA-Tutorial,Bash,a07f4,ls,,,ls,,misc_child,,,,,,,
90,2023-01-17 19:42:00,cb4db30c2a3bc9fca043f180f62c72c7d1bc8184cd74174aa62e5c80059c8c07,Cyverse-RNA-Tutorial,Bash,a07f4,pico,YeTest,hello.txt,,,,1.0,1.0,1.0,1.0,0.0,0.0,24.0
91,2023-01-17 19:42:00,cb4db30c2a3bc9fca043f180f62c72c7d1bc8184cd74174aa62e5c80059c8c07,Cyverse-RNA-Tutorial,Bash,a07f4,ls,,,ls,,"hello.txt
misc_child",,,,,,,
92,2023-01-17 19:42:00,cb4db30c2a3bc9fca043f180f62c72c7d1bc8184cd74174aa62e5c80059c8c07,Cyverse-RNA-Tutorial,Bash,a07f4,cat,YeTest,hello.txt,cat hello.txt,,YeTest,,,,,,,
93,2023-01-17 19:43:00,cb4db30c2a3bc9fca043f180f62c72c7d1bc8184cd74174aa62e5c80059c8c07,Cyverse-RNA-Tutorial,Bash,a07f4,pico,See You Later! ,goodbye.txt,,,,1.0,3.0,1.0,3.0,0.0,0.0,14.0
94,2023-01-17 19:43:00,cb4db30c2a3bc9fca043f180f62c72c7d1bc8184cd74174aa62e5c80059c8c07,Cyverse-RNA-Tutorial,Bash,a07f4,cat,YeTest,hello.txt,cat hello.txt goodbye.txt,,"YeTest
See You Later! ",,,,,,,
95,2023-01-17 19:43:00,cb4db30c2a3bc9fca043f180f62c72c7d1bc8184cd74174aa62e5c80059c8c07,Cyverse-RNA-Tutorial,Bash,a07f4,cat,,,cat,,"abc
def",,,,,,,
96,2023-01-17 19:44:00,cb4db30c2a3bc9fca043f180f62c72c7d1bc8184cd74174aa62e5c80059c8c07,Cyverse-RNA-Tutorial,Bash,a07f4,ls,,,ls > ls.out,,,,,,,,,
97,2023-01-17 19:50:00,cb4db30c2a3bc9fca043f180f62c72c7d1bc8184cd74174aa62e5c80059c8c07,Cyverse-RNA-Tutorial,Bash,a07f4,cat,YeTest,hello.txt,cat hello.txt goodbye.txt > hello_goodbye.txt,,,,,,,,,
98,2023-01-17 19:50:00,cb4db30c2a3bc9fca043f180f62c72c7d1bc8184cd74174aa62e5c80059c8c07,Cyverse-RNA-Tutorial,Bash,a07f4,cat,"YeTest
See You Later! ",hello_goodbye.txt,cat hello_goodbye.txt,,"YeTest
See You Later! ",,,,,,,
99,2023-01-17 19:51:00,cb4db30c2a3bc9fca043f180f62c72c7d1bc8184cd74174aa62e5c80059c8c07,Cyverse-RNA-Tutorial,Bash,a07f4,cat,,,cat < hello.txt,,YeTest,,,,,,,
100,2023-01-17 19:51:00,cb4db30c2a3bc9fca043f180f62c72c7d1bc8184cd74174aa62e5c80059c8c07,Cyverse-RNA-Tutorial,Bash,a07f4,cat,,,cat > cat.out,,,,,,,,,
101,2023-01-17 19:51:00,cb4db30c2a3bc9fca043f180f62c72c7d1bc8184cd74174aa62e5c80059c8c07,Cyverse-RNA-Tutorial,Bash,a07f4,cat,"this is cat input
More cat input",cat.out,cat cat.out,,"this is cat input
More cat input",,,,,,,
102,2023-01-17 19:51:00,cb4db30c2a3bc9fca043f180f62c72c7d1bc8184cd74174aa62e5c80059c8c07,Cyverse-RNA-Tutorial,Bash,a07f4,pwd,,,pwd,,/home/jovyan/data-store/data/output/misc,,,,,,,
103,2023-01-17 19:51:00,cb4db30c2a3bc9fca043f180f62c72c7d1bc8184cd74174aa62e5c80059c8c07,Cyverse-RNA-Tutorial,Bash,a07f4,echo,,,"echo ""Hello World""",,Hello World,,,,,,,
104,2023-01-17 19:52:00,cb4db30c2a3bc9fca043f180f62c72c7d1bc8184cd74174aa62e5c80059c8c07,Cyverse-RNA-Tutorial,Bash,a07f4,echo,,,"echo ""hello world""",,hello world,,,,,,,
105,2023-01-17 19:52:00,cb4db30c2a3bc9fca043f180f62c72c7d1bc8184cd74174aa62e5c80059c8c07,Cyverse-RNA-Tutorial,Bash,a07f4,echo,,,echo 1 2,,1 2,,,,,,,
106,2023-01-17 19:54:00,cb4db30c2a3bc9fca043f180f62c72c7d1bc8184cd74174aa62e5c80059c8c07,Cyverse-RNA-Tutorial,Bash,a07f4,echo,,,echo â€œhello worldâ€ > misc_child/echo.out,,,,,,,,,
107,2023-01-17 19:54:00,cb4db30c2a3bc9fca043f180f62c72c7d1bc8184cd74174aa62e5c80059c8c07,Cyverse-RNA-Tutorial,Bash,a07f4,ls,,,ls,,"cat.out
goodbye.txt
hello_goodbye.txt
hello.txt
ls.out
misc_child",,,,,,,
108,2023-01-17 19:54:00,cb4db30c2a3bc9fca043f180f62c72c7d1bc8184cd74174aa62e5c80059c8c07,Cyverse-RNA-Tutorial,Bash,a07f4,cd,,,cd misc_child/,,,,,,,,,
109,2023-01-17 19:54:00,cb4db30c2a3bc9fca043f180f62c72c7d1bc8184cd74174aa62e5c80059c8c07,Cyverse-RNA-Tutorial,Bash,a07f4,ls,,,ls,,"echo.out
misc_child_child",,,,,,,
110,2023-01-17 19:54:00,cb4db30c2a3bc9fca043f180f62c72c7d1bc8184cd74174aa62e5c80059c8c07,Cyverse-RNA-Tutorial,Bash,a07f4,cat,â€œhello worldâ€,echo.out,cat echo.out,,â€œhello worldâ€,,,,,,,
111,2023-01-17 19:55:00,cb4db30c2a3bc9fca043f180f62c72c7d1bc8184cd74174aa62e5c80059c8c07,Cyverse-RNA-Tutorial,Bash,a07f4,ls,,,ls,,"echo.out
misc_child_child",,,,,,,
112,2023-01-17 19:55:00,cb4db30c2a3bc9fca043f180f62c72c7d1bc8184cd74174aa62e5c80059c8c07,Cyverse-RNA-Tutorial,Bash,a07f4,cd,,..,cd ..,,,,,,,,,
113,2023-01-17 19:55:00,cb4db30c2a3bc9fca043f180f62c72c7d1bc8184cd74174aa62e5c80059c8c07,Cyverse-RNA-Tutorial,Bash,a07f4,ls,,,ls,,"cat.out
goodbye.txt
hello_goodbye.txt
hello.txt
ls.out
misc_child",,,,,,,
114,2023-01-17 19:55:00,cb4db30c2a3bc9fca043f180f62c72c7d1bc8184cd74174aa62e5c80059c8c07,Cyverse-RNA-Tutorial,Bash,a07f4,pwd,,,pwd,,/home/jovyan/data-store/data/output/misc,,,,,,,
115,2023-01-17 19:56:00,cb4db30c2a3bc9fca043f180f62c72c7d1bc8184cd74174aa62e5c80059c8c07,Cyverse-RNA-Tutorial,Bash,a07f4,cat,,,cat ~/data-store/data/output/misc/*,cat: /home/jovyan/data-store/data/output/misc/misc_child: Is a directory,"this is cat input
More cat input
See You Later! 
YeTest
See You Later! 
YeTest
goodbye.txt
hello.txt
ls.out
misc_child",,,,,,,
116,2023-01-17 19:56:00,cb4db30c2a3bc9fca043f180f62c72c7d1bc8184cd74174aa62e5c80059c8c07,Cyverse-RNA-Tutorial,Bash,a07f4,cat,See You Later! ,goodbye.txt,cat goodbye.txt hello_goodbye.txt hello.txt,,"See You Later! 
YeTest
See You Later! 
YeTest",,,,,,,
117,2023-01-17 19:57:00,cb4db30c2a3bc9fca043f180f62c72c7d1bc8184cd74174aa62e5c80059c8c07,Cyverse-RNA-Tutorial,Bash,a07f4,ls,,,ls â€“l ~/*.log,"ls: cannot access 'â€“l': No such file or directory
ls: cannot access '/home/jovyan/*.log': No such file or directory",,,,,,,,
118,2023-01-17 19:58:00,cb4db30c2a3bc9fca043f180f62c72c7d1bc8184cd74174aa62e5c80059c8c07,Cyverse-RNA-Tutorial,Bash,a07f4,ls,,,ls,,"cat.out
goodbye.txt
hello_goodbye.txt
hello.txt
ls.out
misc_child",,,,,,,
119,2023-01-17 19:58:00,cb4db30c2a3bc9fca043f180f62c72c7d1bc8184cd74174aa62e5c80059c8c07,Cyverse-RNA-Tutorial,Bash,a07f4,cd,,..,cd ..,,,,,,,,,
120,2023-01-17 19:58:00,cb4db30c2a3bc9fca043f180f62c72c7d1bc8184cd74174aa62e5c80059c8c07,Cyverse-RNA-Tutorial,Bash,a07f4,ls,,,ls,,"misc
misc_child",,,,,,,
121,2023-01-17 19:58:00,cb4db30c2a3bc9fca043f180f62c72c7d1bc8184cd74174aa62e5c80059c8c07,Cyverse-RNA-Tutorial,Bash,a07f4,cd,,..,cd ..,,,,,,,,,
122,2023-01-17 19:58:00,cb4db30c2a3bc9fca043f180f62c72c7d1bc8184cd74174aa62e5c80059c8c07,Cyverse-RNA-Tutorial,Bash,a07f4,ls,,,ls,,"input
iplant
output",,,,,,,
123,2023-01-17 19:58:00,cb4db30c2a3bc9fca043f180f62c72c7d1bc8184cd74174aa62e5c80059c8c07,Cyverse-RNA-Tutorial,Bash,a07f4,cd,,..,cd ..,,,,,,,,,
124,2023-01-17 19:58:00,cb4db30c2a3bc9fca043f180f62c72c7d1bc8184cd74174aa62e5c80059c8c07,Cyverse-RNA-Tutorial,Bash,a07f4,ls,,,ls,,"data
home",,,,,,,
125,2023-01-17 19:58:00,cb4db30c2a3bc9fca043f180f62c72c7d1bc8184cd74174aa62e5c80059c8c07,Cyverse-RNA-Tutorial,Bash,a07f4,cd,,..,cd ..,,,,,,,,,
126,2023-01-17 19:58:00,cb4db30c2a3bc9fca043f180f62c72c7d1bc8184cd74174aa62e5c80059c8c07,Cyverse-RNA-Tutorial,Bash,a07f4,ls,,,ls,,"data-store
stderr.txt
SuperShell
work",,,,,,,
127,2023-01-17 19:58:00,cb4db30c2a3bc9fca043f180f62c72c7d1bc8184cd74174aa62e5c80059c8c07,Cyverse-RNA-Tutorial,Bash,a07f4,ls,,,ls â€“l ~/*.txt,ls: cannot access 'â€“l': No such file or directory,/home/jovyan/stderr.txt,,,,,,,
128,2023-01-17 19:59:00,cb4db30c2a3bc9fca043f180f62c72c7d1bc8184cd74174aa62e5c80059c8c07,Cyverse-RNA-Tutorial,Bash,a07f4,ls,,,ls â€“l *.txt,ls: cannot access 'â€“l': No such file or directory,stderr.txt,,,,,,,
129,2023-01-17 19:59:00,cb4db30c2a3bc9fca043f180f62c72c7d1bc8184cd74174aa62e5c80059c8c07,Cyverse-RNA-Tutorial,Bash,a07f4,ls,,,ls,,"data-store
stderr.txt
SuperShell
work",,,,,,,
130,2023-01-17 19:59:00,cb4db30c2a3bc9fca043f180f62c72c7d1bc8184cd74174aa62e5c80059c8c07,Cyverse-RNA-Tutorial,Bash,a07f4,ls,,,ls â€“l ~/*-store,ls: cannot access 'â€“l': No such file or directory,"/home/jovyan/data-store:
data
home",,,,,,,
131,2023-01-17 20:00:00,cb4db30c2a3bc9fca043f180f62c72c7d1bc8184cd74174aa62e5c80059c8c07,Cyverse-RNA-Tutorial,Bash,a07f4,ls,,,ls â€“l ~/*.err,"ls: cannot access 'â€“l': No such file or directory
ls: cannot access '/home/jovyan/*.err': No such file or directory",,,,,,,,
132,2023-01-17 20:00:00,cb4db30c2a3bc9fca043f180f62c72c7d1bc8184cd74174aa62e5c80059c8c07,Cyverse-RNA-Tutorial,Bash,a07f4,ls,,,ls,,"data-store
stderr.txt
SuperShell
work",,,,,,,
133,2023-01-17 20:00:00,cb4db30c2a3bc9fca043f180f62c72c7d1bc8184cd74174aa62e5c80059c8c07,Cyverse-RNA-Tutorial,Bash,a07f4,ls,,,ls â€“l ~/*.txt,ls: cannot access 'â€“l': No such file or directory,/home/jovyan/stderr.txt,,,,,,,
134,2023-01-17 20:01:00,cb4db30c2a3bc9fca043f180f62c72c7d1bc8184cd74174aa62e5c80059c8c07,Cyverse-RNA-Tutorial,Bash,a07f4,echo,,~/*.txt,echo ~/*.txt,,/home/jovyan/stderr.txt,,,,,,,
135,2023-01-17 20:01:00,cb4db30c2a3bc9fca043f180f62c72c7d1bc8184cd74174aa62e5c80059c8c07,Cyverse-RNA-Tutorial,Bash,a07f4,ls,,,ls,,"data-store
stderr.txt
SuperShell
work",,,,,,,
136,2023-01-17 20:01:00,cb4db30c2a3bc9fca043f180f62c72c7d1bc8184cd74174aa62e5c80059c8c07,Cyverse-RNA-Tutorial,Bash,a07f4,cd,,,cd data-store/data/output/misc,,,,,,,,,
137,2023-01-17 20:01:00,cb4db30c2a3bc9fca043f180f62c72c7d1bc8184cd74174aa62e5c80059c8c07,Cyverse-RNA-Tutorial,Bash,a07f4,ls,,,ls,,"cat.out
goodbye.txt
hello_goodbye.txt
hello.txt
ls.out
misc_child",,,,,,,
138,2023-01-17 20:01:00,cb4db30c2a3bc9fca043f180f62c72c7d1bc8184cd74174aa62e5c80059c8c07,Cyverse-RNA-Tutorial,Bash,a07f4,cp,See You Later! ,goodbye.txt,cp goodbye.txt copied_ goodbye.txt,cp: target 'goodbye.txt' is not a directory,,,,,,,,
139,2023-01-17 20:01:00,cb4db30c2a3bc9fca043f180f62c72c7d1bc8184cd74174aa62e5c80059c8c07,Cyverse-RNA-Tutorial,Bash,a07f4,ls,,,ls,,"cat.out
goodbye.txt
hello_goodbye.txt
hello.txt
ls.out
misc_child",,,,,,,
140,2023-01-17 20:02:00,cb4db30c2a3bc9fca043f180f62c72c7d1bc8184cd74174aa62e5c80059c8c07,Cyverse-RNA-Tutorial,Bash,a07f4,cp,See You Later! ,goodbye.txt,cp goodbye.txt copied_goodbye.txt,,,,,,,,,
141,2023-01-17 20:02:00,cb4db30c2a3bc9fca043f180f62c72c7d1bc8184cd74174aa62e5c80059c8c07,Cyverse-RNA-Tutorial,Bash,a07f4,cp,See You Later! ,goodbye.txt,cp goodbye.txt copied_goodbye.txt,,,,,,,,,
142,2023-01-17 20:03:00,cb4db30c2a3bc9fca043f180f62c72c7d1bc8184cd74174aa62e5c80059c8c07,Cyverse-RNA-Tutorial,Bash,a07f4,cat,See You Later! ,copied_goodbye.txt,cat copied_goodbye.txt,,See You Later! ,,,,,,,
143,2023-01-17 20:03:00,cb4db30c2a3bc9fca043f180f62c72c7d1bc8184cd74174aa62e5c80059c8c07,Cyverse-RNA-Tutorial,Bash,a07f4,cp,See You Later! ,goodbye.txt,cp goodbye.txt misc_child,,,,,,,,,
144,2023-01-17 20:03:00,cb4db30c2a3bc9fca043f180f62c72c7d1bc8184cd74174aa62e5c80059c8c07,Cyverse-RNA-Tutorial,Bash,a07f4,cd,,,cd misc_child/,,,,,,,,,
145,2023-01-17 20:03:00,cb4db30c2a3bc9fca043f180f62c72c7d1bc8184cd74174aa62e5c80059c8c07,Cyverse-RNA-Tutorial,Bash,a07f4,cat,See You Later! ,goodbye.txt,cat goodbye.txt,,See You Later! ,,,,,,,
146,2023-01-17 20:03:00,cb4db30c2a3bc9fca043f180f62c72c7d1bc8184cd74174aa62e5c80059c8c07,Cyverse-RNA-Tutorial,Bash,a07f4,cd,,..,cd ..,,,,,,,,,
147,2023-01-17 20:03:00,cb4db30c2a3bc9fca043f180f62c72c7d1bc8184cd74174aa62e5c80059c8c07,Cyverse-RNA-Tutorial,Bash,a07f4,pwd,,,pwd,,/home/jovyan/data-store/data/output/misc,,,,,,,
148,2023-01-17 20:04:00,cb4db30c2a3bc9fca043f180f62c72c7d1bc8184cd74174aa62e5c80059c8c07,Cyverse-RNA-Tutorial,Bash,a07f4,cd,,,cd ~/data-store/data/output/misc,,,,,,,,,
149,2023-01-17 20:04:00,cb4db30c2a3bc9fca043f180f62c72c7d1bc8184cd74174aa62e5c80059c8c07,Cyverse-RNA-Tutorial,Bash,a07f4,mv,,goodbye.txt,mv goodbye.txt renamed_goodbye.txt,,,,,,,,,
150,2023-01-17 20:04:00,cb4db30c2a3bc9fca043f180f62c72c7d1bc8184cd74174aa62e5c80059c8c07,Cyverse-RNA-Tutorial,Bash,a07f4,ls,,,ls,,"cat.out
copied_goodbye.txt
hello_goodbye.txt
hello.txt
ls.out
misc_child
renamed_goodbye.txt",,,,,,,
151,2023-01-17 20:04:00,cb4db30c2a3bc9fca043f180f62c72c7d1bc8184cd74174aa62e5c80059c8c07,Cyverse-RNA-Tutorial,Bash,a07f4,mv,,renamed_goodbye.txt,mv renamed_goodbye.txt misc_child/,,,,,,,,,
152,2023-01-17 20:05:00,cb4db30c2a3bc9fca043f180f62c72c7d1bc8184cd74174aa62e5c80059c8c07,Cyverse-RNA-Tutorial,Bash,a07f4,cd,,,cd ~/data-store/data/output/misc,,,,,,,,,
153,2023-01-17 20:05:00,cb4db30c2a3bc9fca043f180f62c72c7d1bc8184cd74174aa62e5c80059c8c07,Cyverse-RNA-Tutorial,Bash,a07f4,ls,,,ls,,"cat.out
copied_goodbye.txt
hello_goodbye.txt
hello.txt
ls.out
misc_child",,,,,,,
154,2023-01-17 20:07:00,cb4db30c2a3bc9fca043f180f62c72c7d1bc8184cd74174aa62e5c80059c8c07,Cyverse-RNA-Tutorial,Bash,a07f4,ln,,,ln â€“s hello.txt linked _hello.txt,ln: target '_hello.txt' is not a directory,,,,,,,,
155,2023-01-17 20:07:00,cb4db30c2a3bc9fca043f180f62c72c7d1bc8184cd74174aa62e5c80059c8c07,Cyverse-RNA-Tutorial,Bash,a07f4,ln,,,ln -s hello.txt linked_hello.txt,ln: failed to create symbolic link 'linked_hello.txt': Input/output error,,,,,,,,
156,2023-01-17 20:07:00,cb4db30c2a3bc9fca043f180f62c72c7d1bc8184cd74174aa62e5c80059c8c07,Cyverse-RNA-Tutorial,Bash,a07f4,pwd,,,pwd,,/home/jovyan/data-store/data/output/misc,,,,,,,
157,2023-01-17 20:07:00,cb4db30c2a3bc9fca043f180f62c72c7d1bc8184cd74174aa62e5c80059c8c07,Cyverse-RNA-Tutorial,Bash,a07f4,ls,,,ls,,"cat.out
copied_goodbye.txt
hello_goodbye.txt
hello.txt
ls.out
misc_child",,,,,,,
158,2023-01-17 20:10:00,cb4db30c2a3bc9fca043f180f62c72c7d1bc8184cd74174aa62e5c80059c8c07,Cyverse-RNA-Tutorial,Bash,a07f4,mv,,hello.txt,mv hello.txt ~,,,,,,,,,
159,2023-01-17 20:10:00,cb4db30c2a3bc9fca043f180f62c72c7d1bc8184cd74174aa62e5c80059c8c07,Cyverse-RNA-Tutorial,Bash,a07f4,ls,,,ls,,"cat.out
copied_goodbye.txt
hello_goodbye.txt
ls.out
misc_child",,,,,,,
160,2023-01-17 20:10:00,cb4db30c2a3bc9fca043f180f62c72c7d1bc8184cd74174aa62e5c80059c8c07,Cyverse-RNA-Tutorial,Bash,a07f4,cd,,,cd ~,,,,,,,,,
161,2023-01-17 20:10:00,cb4db30c2a3bc9fca043f180f62c72c7d1bc8184cd74174aa62e5c80059c8c07,Cyverse-RNA-Tutorial,Bash,a07f4,ls,,,ls,,"data-store
hello.txt
stderr.txt
SuperShell
work",,,,,,,
162,2023-01-17 20:11:00,cb4db30c2a3bc9fca043f180f62c72c7d1bc8184cd74174aa62e5c80059c8c07,Cyverse-RNA-Tutorial,Bash,a07f4,ln,,,ln -s hello.txt linked_hello.txt,,,,,,,,,
163,2023-01-17 20:11:00,cb4db30c2a3bc9fca043f180f62c72c7d1bc8184cd74174aa62e5c80059c8c07,Cyverse-RNA-Tutorial,Bash,a07f4,cat,YeTest,linked_hello.txt,cat linked_hello.txt,,YeTest,,,,,,,
164,2023-01-17 20:11:00,cb4db30c2a3bc9fca043f180f62c72c7d1bc8184cd74174aa62e5c80059c8c07,Cyverse-RNA-Tutorial,Bash,a07f4,ls,,,ls -l linked_hello.txt,,lrwxrwxrwx 1 jovyan users 9 Jan 17 20:11 linked_hello.txt -> hello.txt,,,,,,,
165,2023-01-17 20:12:00,cb4db30c2a3bc9fca043f180f62c72c7d1bc8184cd74174aa62e5c80059c8c07,Cyverse-RNA-Tutorial,Bash,a07f4,mkdir,,,mkdir link_test,,,,,,,,,
166,2023-01-17 20:12:00,cb4db30c2a3bc9fca043f180f62c72c7d1bc8184cd74174aa62e5c80059c8c07,Cyverse-RNA-Tutorial,Bash,a07f4,cd,,,cd link_test,,,,,,,,,
167,2023-01-17 20:12:00,cb4db30c2a3bc9fca043f180f62c72c7d1bc8184cd74174aa62e5c80059c8c07,Cyverse-RNA-Tutorial,Bash,a07f4,ls,,,ls,,,,,,,,,
168,2023-01-17 20:12:00,cb4db30c2a3bc9fca043f180f62c72c7d1bc8184cd74174aa62e5c80059c8c07,Cyverse-RNA-Tutorial,Bash,a07f4,pwd,,,pwd,,/home/jovyan/link_test,,,,,,,
169,2023-01-17 20:13:00,cb4db30c2a3bc9fca043f180f62c72c7d1bc8184cd74174aa62e5c80059c8c07,Cyverse-RNA-Tutorial,Bash,a07f4,ln,,,ln -s ../hello.txt hello.txt,,,,,,,,,
170,2023-01-17 20:13:00,cb4db30c2a3bc9fca043f180f62c72c7d1bc8184cd74174aa62e5c80059c8c07,Cyverse-RNA-Tutorial,Bash,a07f4,cat,YeTest,hello.txt,cat hello.txt,,YeTest,,,,,,,
171,2023-01-17 20:13:00,cb4db30c2a3bc9fca043f180f62c72c7d1bc8184cd74174aa62e5c80059c8c07,Cyverse-RNA-Tutorial,Bash,a07f4,ls,,,ls -l hello.txt,,lrwxrwxrwx 1 jovyan users 12 Jan 17 20:13 hello.txt -> ../hello.txt,,,,,,,
172,2023-01-17 20:14:00,cb4db30c2a3bc9fca043f180f62c72c7d1bc8184cd74174aa62e5c80059c8c07,Cyverse-RNA-Tutorial,Bash,a07f4,cd,,,cd ~/data-store/data/output/misc,,,,,,,,,
173,2023-01-17 20:14:00,cb4db30c2a3bc9fca043f180f62c72c7d1bc8184cd74174aa62e5c80059c8c07,Cyverse-RNA-Tutorial,Bash,a07f4,ls,,,ls,,"cat.out
copied_goodbye.txt
hello_goodbye.txt
ls.out
misc_child",,,,,,,
174,2023-01-17 20:15:00,cb4db30c2a3bc9fca043f180f62c72c7d1bc8184cd74174aa62e5c80059c8c07,Cyverse-RNA-Tutorial,Bash,a07f4,cd,,,cd ~,,,,,,,,,
175,2023-01-17 20:15:00,cb4db30c2a3bc9fca043f180f62c72c7d1bc8184cd74174aa62e5c80059c8c07,Cyverse-RNA-Tutorial,Bash,a07f4,ls,,,ls,,"data-store
hello.txt
linked_hello.txt
link_test
stderr.txt
SuperShell
work",,,,,,,
176,2023-01-17 20:17:00,cb4db30c2a3bc9fca043f180f62c72c7d1bc8184cd74174aa62e5c80059c8c07,Cyverse-RNA-Tutorial,Bash,a07f4,pico,Hello Universe,hello.txt,,,,0.0,1.0,1.0,2.0,1.0,1.0,15.0
177,2023-01-17 20:17:00,cb4db30c2a3bc9fca043f180f62c72c7d1bc8184cd74174aa62e5c80059c8c07,Cyverse-RNA-Tutorial,Bash,a07f4,cat,Hello Universe,linked_hello.txt,cat linked_hello.txt,,Hello Universe,,,,,,,
178,2023-01-17 20:18:00,cb4db30c2a3bc9fca043f180f62c72c7d1bc8184cd74174aa62e5c80059c8c07,Cyverse-RNA-Tutorial,Bash,a07f4,pico,Hello World,hello.txt,,,,0.0,0.0,1.0,2.0,1.0,2.0,7.0
179,2023-01-17 20:18:00,cb4db30c2a3bc9fca043f180f62c72c7d1bc8184cd74174aa62e5c80059c8c07,Cyverse-RNA-Tutorial,Bash,a07f4,ls,,,ls,,"data-store
hello.txt
linked_hello.txt
link_test
stderr.txt
SuperShell
work",,,,,,,
180,2023-01-17 20:20:00,cb4db30c2a3bc9fca043f180f62c72c7d1bc8184cd74174aa62e5c80059c8c07,Cyverse-RNA-Tutorial,Bash,a07f4,cp,Hello World,hello.txt,cp hello.txt copied_hello.txt,,,,,,,,,
181,2023-01-17 20:20:00,cb4db30c2a3bc9fca043f180f62c72c7d1bc8184cd74174aa62e5c80059c8c07,Cyverse-RNA-Tutorial,Bash,a07f4,ls,,,ls,,"copied_hello.txt
data-store
hello.txt
linked_hello.txt
link_test
stderr.txt
SuperShell
work",,,,,,,
182,2023-01-17 20:20:00,cb4db30c2a3bc9fca043f180f62c72c7d1bc8184cd74174aa62e5c80059c8c07,Cyverse-RNA-Tutorial,Bash,a07f4,pico,Hello Universe,hello.txt,,,,0.0,0.0,1.0,2.0,1.0,2.0,7.0
183,2023-01-17 20:20:00,cb4db30c2a3bc9fca043f180f62c72c7d1bc8184cd74174aa62e5c80059c8c07,Cyverse-RNA-Tutorial,Bash,a07f4,cat,Hello Universe,linked_hello.txt,cat linked_hello.txt,,Hello Universe,,,,,,,
184,2023-01-17 20:20:00,cb4db30c2a3bc9fca043f180f62c72c7d1bc8184cd74174aa62e5c80059c8c07,Cyverse-RNA-Tutorial,Bash,a07f4,cat,Hello World,copied_hello.txt,cat copied_hello.txt,,Hello World,,,,,,,
185,2023-01-17 20:21:00,cb4db30c2a3bc9fca043f180f62c72c7d1bc8184cd74174aa62e5c80059c8c07,Cyverse-RNA-Tutorial,Bash,a07f4,diff,Hello Universe,hello.txt,diff hello.txt copied_hello.txt,,"1c1
< Hello Universe
---
> Hello World",,,,,,,
186,2023-01-17 20:23:00,cb4db30c2a3bc9fca043f180f62c72c7d1bc8184cd74174aa62e5c80059c8c07,Cyverse-RNA-Tutorial,Bash,a07f4,ls,,,ls,,"data-store
hello.txt
linked_hello.txt
link_test
stderr.txt
SuperShell
work",,,,,,,
187,2023-01-17 20:23:00,cb4db30c2a3bc9fca043f180f62c72c7d1bc8184cd74174aa62e5c80059c8c07,Cyverse-RNA-Tutorial,Bash,a07f4,pico,"Hello
Universe",hello.txt,,,,1.0,0.0,2.0,2.0,1.0,2.0,9.0
188,2023-01-17 20:24:00,cb4db30c2a3bc9fca043f180f62c72c7d1bc8184cd74174aa62e5c80059c8c07,Cyverse-RNA-Tutorial,Bash,a07f4,pico,"Hello
World",hello.txt,,,,0.0,0.0,2.0,2.0,2.0,2.0,11.0
189,2023-01-17 20:24:00,cb4db30c2a3bc9fca043f180f62c72c7d1bc8184cd74174aa62e5c80059c8c07,Cyverse-RNA-Tutorial,Bash,a07f4,cp,"Hello
World",hello.txt,cp hello.txt copied_hello.txt,,,,,,,,,
190,2023-01-17 20:24:00,cb4db30c2a3bc9fca043f180f62c72c7d1bc8184cd74174aa62e5c80059c8c07,Cyverse-RNA-Tutorial,Bash,a07f4,cat,"Hello
World",linked_hello.txt,cat linked_hello.txt,,"Hello
World",,,,,,,
191,2023-01-17 20:24:00,cb4db30c2a3bc9fca043f180f62c72c7d1bc8184cd74174aa62e5c80059c8c07,Cyverse-RNA-Tutorial,Bash,a07f4,pico,"Hello
Universe",hello.txt,,,,0.0,0.0,2.0,2.0,2.0,2.0,7.0
192,2023-01-17 20:24:00,cb4db30c2a3bc9fca043f180f62c72c7d1bc8184cd74174aa62e5c80059c8c07,Cyverse-RNA-Tutorial,Bash,a07f4,cat,"Hello
Universe",linked_hello.txt,cat linked_hello.txt,,"Hello
Universe",,,,,,,
193,2023-01-17 20:25:00,cb4db30c2a3bc9fca043f180f62c72c7d1bc8184cd74174aa62e5c80059c8c07,Cyverse-RNA-Tutorial,Bash,a07f4,diff,"Hello
Universe",hello.txt,diff hello.txt copied_hello.txt,,"2c2
< Universe
---
> World",,,,,,,
194,2023-01-17 20:30:00,cb4db30c2a3bc9fca043f180f62c72c7d1bc8184cd74174aa62e5c80059c8c07,Cyverse-RNA-Tutorial,Bash,a07f4,diff,"Hello
World",copied_hello.txt,diff copied_hello.txt hello.txt,,"2c2
< World
---
> Universe",,,,,,,
195,2023-01-17 20:31:00,cb4db30c2a3bc9fca043f180f62c72c7d1bc8184cd74174aa62e5c80059c8c07,Cyverse-RNA-Tutorial,Bash,a07f4,diff,"Hello
Universe",hello.txt,diff hello.txt linked_hello.txt,,,,,,,,,
196,2023-01-17 20:34:00,cb4db30c2a3bc9fca043f180f62c72c7d1bc8184cd74174aa62e5c80059c8c07,Cyverse-RNA-Tutorial,Bash,a07f4,cp,,,cp ~/data-store/data/output/misc ~/misc,cp: -r not specified; omitting directory '/home/jovyan/data-store/data/output/misc',,,,,,,,
197,2023-01-17 20:34:00,cb4db30c2a3bc9fca043f180f62c72c7d1bc8184cd74174aa62e5c80059c8c07,Cyverse-RNA-Tutorial,Bash,a07f4,ls,,,ls,,"copied_hello.txt
data-store
hello.txt
linked_hello.txt
link_test
stderr.txt
SuperShell
work",,,,,,,
198,2023-01-17 20:36:00,cb4db30c2a3bc9fca043f180f62c72c7d1bc8184cd74174aa62e5c80059c8c07,Cyverse-RNA-Tutorial,Bash,a07f4,cp,,,cp -r ~/data-store/data/output/misc ~/misc,,,,,,,,,
199,2023-01-17 20:36:00,cb4db30c2a3bc9fca043f180f62c72c7d1bc8184cd74174aa62e5c80059c8c07,Cyverse-RNA-Tutorial,Bash,a07f4,cd,,,cd misc/,,,,,,,,,
200,2023-01-17 20:36:00,cb4db30c2a3bc9fca043f180f62c72c7d1bc8184cd74174aa62e5c80059c8c07,Cyverse-RNA-Tutorial,Bash,a07f4,ls,,,ls,,"cat.out
copied_goodbye.txt
hello_goodbye.txt
ls.out
misc_child",,,,,,,
201,2023-01-17 20:36:00,cb4db30c2a3bc9fca043f180f62c72c7d1bc8184cd74174aa62e5c80059c8c07,Cyverse-RNA-Tutorial,Bash,a07f4,cd,,..,cd ..,,,,,,,,,
202,2023-01-17 20:36:00,cb4db30c2a3bc9fca043f180f62c72c7d1bc8184cd74174aa62e5c80059c8c07,Cyverse-RNA-Tutorial,Bash,a07f4,ls,,,ls,,"copied_hello.txt
data-store
hello.txt
linked_hello.txt
link_test
misc
stderr.txt
SuperShell
work",,,,,,,
203,2023-01-17 20:36:00,cb4db30c2a3bc9fca043f180f62c72c7d1bc8184cd74174aa62e5c80059c8c07,Cyverse-RNA-Tutorial,Bash,a07f4,cd,,,cd misc/,,,,,,,,,
204,2023-01-17 20:36:00,cb4db30c2a3bc9fca043f180f62c72c7d1bc8184cd74174aa62e5c80059c8c07,Cyverse-RNA-Tutorial,Bash,a07f4,ls,,,ls,,"cat.out
copied_goodbye.txt
hello_goodbye.txt
ls.out
misc_child",,,,,,,
205,2023-01-17 20:37:00,cb4db30c2a3bc9fca043f180f62c72c7d1bc8184cd74174aa62e5c80059c8c07,Cyverse-RNA-Tutorial,Bash,a07f4,mv,,,mv misc_child renamed_misc_child,,,,,,,,,
206,2023-01-17 20:37:00,cb4db30c2a3bc9fca043f180f62c72c7d1bc8184cd74174aa62e5c80059c8c07,Cyverse-RNA-Tutorial,Bash,a07f4,ls,,,ls,,"cat.out
copied_goodbye.txt
hello_goodbye.txt
ls.out
renamed_misc_child",,,,,,,
207,2023-01-17 20:37:00,cb4db30c2a3bc9fca043f180f62c72c7d1bc8184cd74174aa62e5c80059c8c07,Cyverse-RNA-Tutorial,Bash,a07f4,ln,,,ln -s renamed_misc_child linked_misc_child,,,,,,,,,
208,2023-01-17 20:39:00,cb4db30c2a3bc9fca043f180f62c72c7d1bc8184cd74174aa62e5c80059c8c07,Cyverse-RNA-Tutorial,Bash,a07f4,echo,,,echo $HOME,,/home/jovyan,,,,,,,
209,2023-01-17 20:39:00,cb4db30c2a3bc9fca043f180f62c72c7d1bc8184cd74174aa62e5c80059c8c07,Cyverse-RNA-Tutorial,Bash,a07f4,ls,,,ls,,"cat.out
copied_goodbye.txt
hello_goodbye.txt
linked_misc_child
ls.out
renamed_misc_child",,,,,,,
210,2023-01-17 20:39:00,cb4db30c2a3bc9fca043f180f62c72c7d1bc8184cd74174aa62e5c80059c8c07,Cyverse-RNA-Tutorial,Bash,a07f4,cd,,..,cd ..,,,,,,,,,
211,2023-01-17 20:39:00,cb4db30c2a3bc9fca043f180f62c72c7d1bc8184cd74174aa62e5c80059c8c07,Cyverse-RNA-Tutorial,Bash,a07f4,ls,,,ls,,"copied_hello.txt
data-store
hello.txt
linked_hello.txt
link_test
misc
stderr.txt
SuperShell
work",,,,,,,
212,2023-01-17 20:39:00,cb4db30c2a3bc9fca043f180f62c72c7d1bc8184cd74174aa62e5c80059c8c07,Cyverse-RNA-Tutorial,Bash,a07f4,cd,,,cd data-store/,,,,,,,,,
213,2023-01-17 20:39:00,cb4db30c2a3bc9fca043f180f62c72c7d1bc8184cd74174aa62e5c80059c8c07,Cyverse-RNA-Tutorial,Bash,a07f4,ls,,,ls,,"data
home",,,,,,,
214,2023-01-17 20:39:00,cb4db30c2a3bc9fca043f180f62c72c7d1bc8184cd74174aa62e5c80059c8c07,Cyverse-RNA-Tutorial,Bash,a07f4,cd,,,cd data,,,,,,,,,
215,2023-01-17 20:39:00,cb4db30c2a3bc9fca043f180f62c72c7d1bc8184cd74174aa62e5c80059c8c07,Cyverse-RNA-Tutorial,Bash,a07f4,ls,,,ls,,"input
iplant
output",,,,,,,
216,2023-01-17 20:39:00,cb4db30c2a3bc9fca043f180f62c72c7d1bc8184cd74174aa62e5c80059c8c07,Cyverse-RNA-Tutorial,Bash,a07f4,cd,,,cd input/,,,,,,,,,
217,2023-01-17 20:39:00,cb4db30c2a3bc9fca043f180f62c72c7d1bc8184cd74174aa62e5c80059c8c07,Cyverse-RNA-Tutorial,Bash,a07f4,ls,,,ls,,"Bash
Discovery
DNASubway
RNA_SEQ_SAMPLES",,,,,,,
218,2023-01-17 20:39:00,cb4db30c2a3bc9fca043f180f62c72c7d1bc8184cd74174aa62e5c80059c8c07,Cyverse-RNA-Tutorial,Bash,a07f4,cd,,,cd Bash/,,,,,,,,,
219,2023-01-17 20:39:00,cb4db30c2a3bc9fca043f180f62c72c7d1bc8184cd74174aa62e5c80059c8c07,Cyverse-RNA-Tutorial,Bash,a07f4,ls,,,ls,,,,,,,,,
220,2023-01-17 20:39:00,cb4db30c2a3bc9fca043f180f62c72c7d1bc8184cd74174aa62e5c80059c8c07,Cyverse-RNA-Tutorial,Bash,a07f4,ls,,,ls,,,,,,,,,
221,2023-01-17 20:40:00,cb4db30c2a3bc9fca043f180f62c72c7d1bc8184cd74174aa62e5c80059c8c07,Cyverse-RNA-Tutorial,Bash,a07f4,pwd,,,pwd,,/home/jovyan/data-store/data/input/Bash,,,,,,,
222,2023-01-17 20:41:00,cb4db30c2a3bc9fca043f180f62c72c7d1bc8184cd74174aa62e5c80059c8c07,Cyverse-RNA-Tutorial,Bash,a07f4,export,,,"export PATH=""$PATH:$HOME/data-store/data/input/Bash/bin""",,,,,,,,,
223,2023-01-17 20:41:00,cb4db30c2a3bc9fca043f180f62c72c7d1bc8184cd74174aa62e5c80059c8c07,Cyverse-RNA-Tutorial,Bash,a07f4,echo,,,echo $PATH,,/opt/conda/bin:/opt/conda/condabin:/opt/conda/bin:/usr/local/sbin:/usr/local/bin:/usr/sbin:/usr/bin:/sbin:/bin:/bin/TDM-GCC-64/bin,,,,,,,
224,2023-01-17 20:42:00,cb4db30c2a3bc9fca043f180f62c72c7d1bc8184cd74174aa62e5c80059c8c07,Cyverse-RNA-Tutorial,Bash,a07f4,export,,,"export PATH=""$PATH:$HOME/data-store/data/input/Bash/bin""",,,,,,,,,
225,2023-01-17 20:42:00,cb4db30c2a3bc9fca043f180f62c72c7d1bc8184cd74174aa62e5c80059c8c07,Cyverse-RNA-Tutorial,Bash,a07f4,echo,,,echo $PATH,,/opt/conda/bin:/opt/conda/condabin:/opt/conda/bin:/usr/local/sbin:/usr/local/bin:/usr/sbin:/usr/bin:/sbin:/bin:/bin/TDM-GCC-64/bin,,,,,,,
226,2023-01-17 20:42:00,cb4db30c2a3bc9fca043f180f62c72c7d1bc8184cd74174aa62e5c80059c8c07,Cyverse-RNA-Tutorial,Bash,a07f4,ls,,,ls,,,,,,,,,
227,2023-01-17 20:42:00,cb4db30c2a3bc9fca043f180f62c72c7d1bc8184cd74174aa62e5c80059c8c07,Cyverse-RNA-Tutorial,Bash,a07f4,mkdir,,,mkdir bin,mkdir: cannot create directory â€˜binâ€™: Permission denied,,,,,,,,
228,2023-01-17 20:42:00,cb4db30c2a3bc9fca043f180f62c72c7d1bc8184cd74174aa62e5c80059c8c07,Cyverse-RNA-Tutorial,Bash,a07f4,ls,,,ls,,,,,,,,,
229,2023-01-17 20:42:00,cb4db30c2a3bc9fca043f180f62c72c7d1bc8184cd74174aa62e5c80059c8c07,Cyverse-RNA-Tutorial,Bash,a07f4,cd,,,cd ~,,,,,,,,,
230,2023-01-17 20:43:00,cb4db30c2a3bc9fca043f180f62c72c7d1bc8184cd74174aa62e5c80059c8c07,Cyverse-RNA-Tutorial,Bash,a07f4,ls,,,ls,,"copied_hello.txt
data-store
hello.txt
linked_hello.txt
link_test
misc
stderr.txt
SuperShell
work",,,,,,,
231,2023-01-17 20:43:00,cb4db30c2a3bc9fca043f180f62c72c7d1bc8184cd74174aa62e5c80059c8c07,Cyverse-RNA-Tutorial,Bash,a07f4,mkdir,,,mkdir bin,,,,,,,,,
232,2023-01-17 20:44:00,cb4db30c2a3bc9fca043f180f62c72c7d1bc8184cd74174aa62e5c80059c8c07,Cyverse-RNA-Tutorial,Bash,a07f4,export,,,"export PATH=""$PATH:$HOME/bin""",,,,,,,,,
233,2023-01-17 20:44:00,cb4db30c2a3bc9fca043f180f62c72c7d1bc8184cd74174aa62e5c80059c8c07,Cyverse-RNA-Tutorial,Bash,a07f4,echo,,,echo $PATH,,/opt/conda/bin:/opt/conda/condabin:/opt/conda/bin:/usr/local/sbin:/usr/local/bin:/usr/sbin:/usr/bin:/sbin:/bin:/bin/TDM-GCC-64/bin,,,,,,,
234,2023-01-17 20:45:00,cb4db30c2a3bc9fca043f180f62c72c7d1bc8184cd74174aa62e5c80059c8c07,Cyverse-RNA-Tutorial,Bash,a07f4,export,,,"export PATH=""$PATH:$HOME/bin""",,,,,,,,,
235,2023-01-17 20:45:00,cb4db30c2a3bc9fca043f180f62c72c7d1bc8184cd74174aa62e5c80059c8c07,Cyverse-RNA-Tutorial,Bash,a07f4,echo,,,echo $PATH,,/opt/conda/bin:/opt/conda/condabin:/opt/conda/bin:/usr/local/sbin:/usr/local/bin:/usr/sbin:/usr/bin:/sbin:/bin:/bin/TDM-GCC-64/bin,,,,,,,
236,2022-11-29 21:06:00,6406489831cdc8e2baabf1bb55c770db7402111997feddd153a0e115eec30373,Cyverse-RNA-Tutorial,Bash,a1294,ls,,,ls,,"data
home
stderr.txt
SuperShell",,,,,,,
237,2022-11-29 21:06:00,6406489831cdc8e2baabf1bb55c770db7402111997feddd153a0e115eec30373,Cyverse-RNA-Tutorial,Bash,a1294,ls,,,ls,,"data
home
stderr.txt
SuperShell",,,,,,,
238,2022-12-01 20:02:00,6406489831cdc8e2baabf1bb55c770db7402111997feddd153a0e115eec30373,Cyverse-RNA-Tutorial,Bash,a1294,clear,,,clear,,[H[2J[3J,,,,,,,
239,2022-12-01 20:02:00,6406489831cdc8e2baabf1bb55c770db7402111997feddd153a0e115eec30373,Cyverse-RNA-Tutorial,Bash,a1294,ls,,,ls /home/jovyan,,"data
home
stderr.txt
SuperShell",,,,,,,
240,2022-12-01 20:02:00,6406489831cdc8e2baabf1bb55c770db7402111997feddd153a0e115eec30373,Cyverse-RNA-Tutorial,Bash,a1294,ls,,.,ls .,,"data
home
stderr.txt
SuperShell",,,,,,,
241,2022-12-01 20:03:00,6406489831cdc8e2baabf1bb55c770db7402111997feddd153a0e115eec30373,Cyverse-RNA-Tutorial,Bash,a1294,ls,,,ls,,"data
home
stderr.txt
SuperShell",,,,,,,
242,2022-12-01 20:03:00,6406489831cdc8e2baabf1bb55c770db7402111997feddd153a0e115eec30373,Cyverse-RNA-Tutorial,Bash,a1294,cd,,,cd data,,,,,,,,,
243,2022-12-01 20:03:00,6406489831cdc8e2baabf1bb55c770db7402111997feddd153a0e115eec30373,Cyverse-RNA-Tutorial,Bash,a1294,ls,,,ls,,"input
iplant
output",,,,,,,
244,2022-12-01 20:03:00,6406489831cdc8e2baabf1bb55c770db7402111997feddd153a0e115eec30373,Cyverse-RNA-Tutorial,Bash,a1294,cd,,,cd input/,,,,,,,,,
245,2022-12-01 20:03:00,6406489831cdc8e2baabf1bb55c770db7402111997feddd153a0e115eec30373,Cyverse-RNA-Tutorial,Bash,a1294,ls,,,ls,,"Bash
Discovery
DNASubway
genome.fas
RNA_SEQ_SAMPLES",,,,,,,
246,2022-12-01 20:03:00,6406489831cdc8e2baabf1bb55c770db7402111997feddd153a0e115eec30373,Cyverse-RNA-Tutorial,Bash,a1294,pwd,,,pwd,,/home/jovyan/data/input,,,,,,,
247,2022-12-01 20:03:00,6406489831cdc8e2baabf1bb55c770db7402111997feddd153a0e115eec30373,Cyverse-RNA-Tutorial,Bash,a1294,cd,,,cd RNA_SEQ_SAMPLES/,,,,,,,,,
248,2022-12-01 20:03:00,6406489831cdc8e2baabf1bb55c770db7402111997feddd153a0e115eec30373,Cyverse-RNA-Tutorial,Bash,a1294,pwd,,,pwd,,/home/jovyan/data/input/RNA_SEQ_SAMPLES,,,,,,,
249,2022-12-01 20:03:00,6406489831cdc8e2baabf1bb55c770db7402111997feddd153a0e115eec30373,Cyverse-RNA-Tutorial,Bash,a1294,ls,,,ls /home/jovyan/data/input/RNA_SEQ_SAMPLES,,"Drug_A
Drug_B",,,,,,,
250,2022-12-01 20:04:00,6406489831cdc8e2baabf1bb55c770db7402111997feddd153a0e115eec30373,Cyverse-RNA-Tutorial,Bash,a1294,ls,,,ls,,"Drug_A
Drug_B",,,,,,,
251,2022-12-01 20:04:00,6406489831cdc8e2baabf1bb55c770db7402111997feddd153a0e115eec30373,Cyverse-RNA-Tutorial,Bash,a1294,cd,,..,cd ..,,,,,,,,,
252,2022-12-01 20:04:00,6406489831cdc8e2baabf1bb55c770db7402111997feddd153a0e115eec30373,Cyverse-RNA-Tutorial,Bash,a1294,cd,,..,cd ..,,,,,,,,,
253,2022-12-01 20:04:00,6406489831cdc8e2baabf1bb55c770db7402111997feddd153a0e115eec30373,Cyverse-RNA-Tutorial,Bash,a1294,ls,,,ls,,"input
iplant
output",,,,,,,
254,2022-12-01 20:04:00,6406489831cdc8e2baabf1bb55c770db7402111997feddd153a0e115eec30373,Cyverse-RNA-Tutorial,Bash,a1294,cd,,..,cd ..,,,,,,,,,
255,2022-12-01 20:04:00,6406489831cdc8e2baabf1bb55c770db7402111997feddd153a0e115eec30373,Cyverse-RNA-Tutorial,Bash,a1294,ls,,,ls,,"data
home
stderr.txt
SuperShell",,,,,,,
256,2022-12-01 20:04:00,6406489831cdc8e2baabf1bb55c770db7402111997feddd153a0e115eec30373,Cyverse-RNA-Tutorial,Bash,a1294,ls,,./data/input/RNA_SEQ_SAMPLES/,ls ./data/input/RNA_SEQ_SAMPLES/,,"Drug_A
Drug_B",,,,,,,
257,2022-12-01 20:06:00,6406489831cdc8e2baabf1bb55c770db7402111997feddd153a0e115eec30373,Cyverse-RNA-Tutorial,Bash,a1294,ls,,,ls,,"data
home
stderr.txt
SuperShell",,,,,,,
258,2022-12-01 20:06:00,6406489831cdc8e2baabf1bb55c770db7402111997feddd153a0e115eec30373,Cyverse-RNA-Tutorial,Bash,a1294,ls,,stdout.txt,ls stdout.txt,ls: cannot access 'stdout.txt': No such file or directory,,,,,,,,
259,2022-12-01 20:06:00,6406489831cdc8e2baabf1bb55c770db7402111997feddd153a0e115eec30373,Cyverse-RNA-Tutorial,Bash,a1294,ls,,,ls,,"data
home
stderr.txt
SuperShell",,,,,,,
260,2022-12-01 20:06:00,6406489831cdc8e2baabf1bb55c770db7402111997feddd153a0e115eec30373,Cyverse-RNA-Tutorial,Bash,a1294,cd,,,cd data,,,,,,,,,
261,2022-12-01 20:06:00,6406489831cdc8e2baabf1bb55c770db7402111997feddd153a0e115eec30373,Cyverse-RNA-Tutorial,Bash,a1294,ls,,,ls,,"input
iplant
output",,,,,,,
262,2022-12-01 20:06:00,6406489831cdc8e2baabf1bb55c770db7402111997feddd153a0e115eec30373,Cyverse-RNA-Tutorial,Bash,a1294,cd,,,cd output/,,,,,,,,,
263,2022-12-01 20:06:00,6406489831cdc8e2baabf1bb55c770db7402111997feddd153a0e115eec30373,Cyverse-RNA-Tutorial,Bash,a1294,ls,,,ls,,,,,,,,,
264,2022-12-01 20:06:00,6406489831cdc8e2baabf1bb55c770db7402111997feddd153a0e115eec30373,Cyverse-RNA-Tutorial,Bash,a1294,ls,,,ls,,,,,,,,,
265,2022-12-01 20:06:00,6406489831cdc8e2baabf1bb55c770db7402111997feddd153a0e115eec30373,Cyverse-RNA-Tutorial,Bash,a1294,cd,,..,cd ..,,,,,,,,,
266,2022-12-01 20:06:00,6406489831cdc8e2baabf1bb55c770db7402111997feddd153a0e115eec30373,Cyverse-RNA-Tutorial,Bash,a1294,ls,,,ls,,"input
iplant
output",,,,,,,
267,2022-12-01 20:06:00,6406489831cdc8e2baabf1bb55c770db7402111997feddd153a0e115eec30373,Cyverse-RNA-Tutorial,Bash,a1294,cd,,,cd iplant/,,,,,,,,,
268,2022-12-01 20:06:00,6406489831cdc8e2baabf1bb55c770db7402111997feddd153a0e115eec30373,Cyverse-RNA-Tutorial,Bash,a1294,ls,,,ls,,home,,,,,,,
269,2022-12-01 20:06:00,6406489831cdc8e2baabf1bb55c770db7402111997feddd153a0e115eec30373,Cyverse-RNA-Tutorial,Bash,a1294,cd,,,cd home/,,,,,,,,,
270,2022-12-01 20:06:00,6406489831cdc8e2baabf1bb55c770db7402111997feddd153a0e115eec30373,Cyverse-RNA-Tutorial,Bash,a1294,ls,,,ls,,"sdgeorge
shared",,,,,,,
271,2022-12-01 20:06:00,6406489831cdc8e2baabf1bb55c770db7402111997feddd153a0e115eec30373,Cyverse-RNA-Tutorial,Bash,a1294,cd,,..,cd ..,,,,,,,,,
272,2022-12-01 20:06:00,6406489831cdc8e2baabf1bb55c770db7402111997feddd153a0e115eec30373,Cyverse-RNA-Tutorial,Bash,a1294,cd,,..,cd ..,,,,,,,,,
273,2022-12-01 20:06:00,6406489831cdc8e2baabf1bb55c770db7402111997feddd153a0e115eec30373,Cyverse-RNA-Tutorial,Bash,a1294,cd,,..,cd ..,,,,,,,,,
274,2022-12-01 20:06:00,6406489831cdc8e2baabf1bb55c770db7402111997feddd153a0e115eec30373,Cyverse-RNA-Tutorial,Bash,a1294,ls,,,ls,,"data
home
stderr.txt
SuperShell",,,,,,,
275,2022-12-01 20:07:00,6406489831cdc8e2baabf1bb55c770db7402111997feddd153a0e115eec30373,Cyverse-RNA-Tutorial,Bash,a1294,ls,,stderr.txt,ls stderr.txt,,stderr.txt,,,,,,,
276,2022-12-01 20:08:00,6406489831cdc8e2baabf1bb55c770db7402111997feddd153a0e115eec30373,Cyverse-RNA-Tutorial,Bash,a1294,ls,,Stderr.txt,ls Stderr.txt,ls: cannot access 'Stderr.txt': No such file or directory,,,,,,,,
277,2022-12-01 20:08:00,6406489831cdc8e2baabf1bb55c770db7402111997feddd153a0e115eec30373,Cyverse-RNA-Tutorial,Bash,a1294,ls,,,ls,,"data
home
stderr.txt
SuperShell",,,,,,,
278,2022-12-01 20:09:00,6406489831cdc8e2baabf1bb55c770db7402111997feddd153a0e115eec30373,Cyverse-RNA-Tutorial,Bash,a1294,ls,,,ls,,"data
home
stderr.txt
SuperShell",,,,,,,
279,2022-12-01 20:11:00,6406489831cdc8e2baabf1bb55c770db7402111997feddd153a0e115eec30373,Cyverse-RNA-Tutorial,Bash,a1294,ls,,,ls data/input/Discovery/ls â€“l data/input/Discovery/,"ls: cannot access 'data/input/Discovery/ls': No such file or directory
ls: cannot access 'â€“l': No such file or directory","data/input/Discovery/:
FilteredSortedOutput
RNASequenceOutput
TSVFiles
UncompressedSamples",,,,,,,
280,2022-12-01 20:11:00,6406489831cdc8e2baabf1bb55c770db7402111997feddd153a0e115eec30373,Cyverse-RNA-Tutorial,Bash,a1294,ls,,,ls â€“l data/input/Discovery/,ls: cannot access 'â€“l': No such file or directory,"data/input/Discovery/:
FilteredSortedOutput
RNASequenceOutput
TSVFiles
UncompressedSamples",,,,,,,
281,2022-12-01 20:11:00,6406489831cdc8e2baabf1bb55c770db7402111997feddd153a0e115eec30373,Cyverse-RNA-Tutorial,Bash,a1294,ls,,,ls â€“l data/input/Discovery,ls: cannot access 'â€“l': No such file or directory,"data/input/Discovery:
FilteredSortedOutput
RNASequenceOutput
TSVFiles
UncompressedSamples",,,,,,,
282,2022-12-01 20:11:00,6406489831cdc8e2baabf1bb55c770db7402111997feddd153a0e115eec30373,Cyverse-RNA-Tutorial,Bash,a1294,ls,,,ls -l data/input/Discovery/,,"total 0
dr-x------ 1 jovyan jovyan 0 Sep 20 17:53 FilteredSortedOutput
dr-x------ 1 jovyan jovyan 0 Sep 20 17:53 RNASequenceOutput
dr-x------ 1 jovyan jovyan 0 Sep 20 17:53 TSVFiles
dr-x------ 1 jovyan jovyan 0 Sep 20 17:54 UncompressedSamples",,,,,,,
283,2022-12-01 20:13:00,6406489831cdc8e2baabf1bb55c770db7402111997feddd153a0e115eec30373,Cyverse-RNA-Tutorial,Bash,a1294,ls,,,ls -l,,"total 4
lrwxrwxrwx 1 jovyan jovyan 11 Nov 29 20:42 data -> /data-store
lrwxrwxrwx 1 jovyan jovyan 23 Nov 29 20:42 home -> /data-store/iplant/home
-rw-r--r-- 1 jovyan jovyan 0 Dec 1 20:13 stderr.txt
drwxr-sr-x 6 jovyan jovyan 4096 Nov 29 21:06 SuperShell",,,,,,,
284,2022-12-01 20:16:00,6406489831cdc8e2baabf1bb55c770db7402111997feddd153a0e115eec30373,Cyverse-RNA-Tutorial,Bash,a1294,ls,,,ls -l stderr.txt,,-rw-r--r-- 1 jovyan jovyan 0 Dec 1 20:16 stderr.txt,,,,,,,
285,2022-12-01 20:17:00,6406489831cdc8e2baabf1bb55c770db7402111997feddd153a0e115eec30373,Cyverse-RNA-Tutorial,Bash,a1294,ls,,,ls â€“l ./data/input/RNA_SEQ_SAMPLES stderr.txt,ls: cannot access 'â€“l': No such file or directory,"stderr.txt

./data/input/RNA_SEQ_SAMPLES:
Drug_A
Drug_B",,,,,,,
286,2022-12-01 20:17:00,6406489831cdc8e2baabf1bb55c770db7402111997feddd153a0e115eec30373,Cyverse-RNA-Tutorial,Bash,a1294,ls,,,ls â€“l ./data/input/RNA_SEQ_SAMPLES stderr.txt,ls: cannot access 'â€“l': No such file or directory,"stderr.txt

./data/input/RNA_SEQ_SAMPLES:
Drug_A
Drug_B",,,,,,,
287,2022-12-01 20:17:00,6406489831cdc8e2baabf1bb55c770db7402111997feddd153a0e115eec30373,Cyverse-RNA-Tutorial,Bash,a1294,ls,,,ls -l ./data/input/RNA_SEQ_SAMPLES/,,"total 0
dr-x------ 1 jovyan jovyan 0 May 29 2020 Drug_A
dr-x------ 1 jovyan jovyan 0 May 29 2020 Drug_B",,,,,,,
288,2022-12-01 20:18:00,6406489831cdc8e2baabf1bb55c770db7402111997feddd153a0e115eec30373,Cyverse-RNA-Tutorial,Bash,a1294,ls,,,ls -l ./data/input/RNA_SEQ_SAMPLES/ stderr.txt,,"-rw-r--r-- 1 jovyan jovyan 0 Dec 1 20:17 stderr.txt

./data/input/RNA_SEQ_SAMPLES/:
total 0
dr-x------ 1 jovyan jovyan 0 May 29 2020 Drug_A
dr-x------ 1 jovyan jovyan 0 May 29 2020 Drug_B",,,,,,,
289,2022-12-01 20:18:00,6406489831cdc8e2baabf1bb55c770db7402111997feddd153a0e115eec30373,Cyverse-RNA-Tutorial,Bash,a1294,ls,,,ls -l -R data/input/RNA_SEQ_SAMPLES/,,"data/input/RNA_SEQ_SAMPLES/:
total 0
dr-x------ 1 jovyan jovyan 0 May 29 2020 Drug_A
dr-x------ 1 jovyan jovyan 0 May 29 2020 Drug_B

data/input/RNA_SEQ_SAMPLES/Drug_A:
total 0
-r-------- 1 jovyan jovyan 3677295 May 20 2020 Drug_A_1.fastq
-r-------- 1 jovyan jovyan 804307 May 20 2020 Drug_A_1.fastq.gz
-r-------- 1 jovyan jovyan 3978812 May 22 2020 Drug_A_2.fastq
-r-------- 1 jovyan jovyan 772800 May 20 2020 Drug_A_2.fastq.gz

data/input/RNA_SEQ_SAMPLES/Drug_B:
total 0
-r-------- 1 jovyan jovyan 3978812 May 20 2020 Drug_B_1.fastq
-r-------- 1 jovyan jovyan 827189 May 22 2020 Drug_B_1.fastq.gz
-r-------- 1 jovyan jovyan 3978812 May 20 2020 Drug_B_2.fastq
-r-------- 1 jovyan jovyan 827189 May 22 2020 Drug_B_2.fastq.gz",,,,,,,
290,2022-12-01 20:20:00,6406489831cdc8e2baabf1bb55c770db7402111997feddd153a0e115eec30373,Cyverse-RNA-Tutorial,Bash,a1294,cd,,,cd data/input/RNA_SEQ_SAMPLES/,,,,,,,,,
291,2022-12-01 20:20:00,6406489831cdc8e2baabf1bb55c770db7402111997feddd153a0e115eec30373,Cyverse-RNA-Tutorial,Bash,a1294,pwd,,,pwd,,/home/jovyan/data/input/RNA_SEQ_SAMPLES,,,,,,,
292,2022-12-01 20:20:00,6406489831cdc8e2baabf1bb55c770db7402111997feddd153a0e115eec30373,Cyverse-RNA-Tutorial,Bash,a1294,ls,,,ls,,"Drug_A
Drug_B",,,,,,,
293,2022-12-01 20:20:00,6406489831cdc8e2baabf1bb55c770db7402111997feddd153a0e115eec30373,Cyverse-RNA-Tutorial,Bash,a1294,cd,,,cd Drug_A,,,,,,,,,
294,2022-12-01 20:20:00,6406489831cdc8e2baabf1bb55c770db7402111997feddd153a0e115eec30373,Cyverse-RNA-Tutorial,Bash,a1294,ls,,,ls,,"Drug_A_1.fastq
Drug_A_1.fastq.gz
Drug_A_2.fastq
Drug_A_2.fastq.gz",,,,,,,
295,2022-12-01 20:20:00,6406489831cdc8e2baabf1bb55c770db7402111997feddd153a0e115eec30373,Cyverse-RNA-Tutorial,Bash,a1294,cd,,..,cd ..,,,,,,,,,
296,2022-12-01 20:20:00,6406489831cdc8e2baabf1bb55c770db7402111997feddd153a0e115eec30373,Cyverse-RNA-Tutorial,Bash,a1294,pwd,,,pwd,,/home/jovyan/data/input/RNA_SEQ_SAMPLES,,,,,,,
297,2022-12-01 20:21:00,6406489831cdc8e2baabf1bb55c770db7402111997feddd153a0e115eec30373,Cyverse-RNA-Tutorial,Bash,a1294,cd,,..,cd ..,,,,,,,,,
298,2022-12-01 20:21:00,6406489831cdc8e2baabf1bb55c770db7402111997feddd153a0e115eec30373,Cyverse-RNA-Tutorial,Bash,a1294,pwd,,,pwd,,/home/jovyan/data/input,,,,,,,
299,2022-12-01 20:21:00,6406489831cdc8e2baabf1bb55c770db7402111997feddd153a0e115eec30373,Cyverse-RNA-Tutorial,Bash,a1294,ls,,,ls,,"Bash
Discovery
DNASubway
genome.fas
RNA_SEQ_SAMPLES",,,,,,,
300,2022-12-01 20:21:00,6406489831cdc8e2baabf1bb55c770db7402111997feddd153a0e115eec30373,Cyverse-RNA-Tutorial,Bash,a1294,cd,,,cd RNA_SEQ_SAMPLES/,,,,,,,,,
301,2022-12-01 20:21:00,6406489831cdc8e2baabf1bb55c770db7402111997feddd153a0e115eec30373,Cyverse-RNA-Tutorial,Bash,a1294,ls,,,ls,,"Drug_A
Drug_B",,,,,,,
302,2022-12-01 20:21:00,6406489831cdc8e2baabf1bb55c770db7402111997feddd153a0e115eec30373,Cyverse-RNA-Tutorial,Bash,a1294,cd,,,cd Drug_B,,,,,,,,,
303,2022-12-01 20:21:00,6406489831cdc8e2baabf1bb55c770db7402111997feddd153a0e115eec30373,Cyverse-RNA-Tutorial,Bash,a1294,ls,,,ls,,"Drug_B_1.fastq
Drug_B_1.fastq.gz
Drug_B_2.fastq
Drug_B_2.fastq.gz",,,,,,,
304,2022-12-01 20:21:00,6406489831cdc8e2baabf1bb55c770db7402111997feddd153a0e115eec30373,Cyverse-RNA-Tutorial,Bash,a1294,pwd,,,pwd,,/home/jovyan/data/input/RNA_SEQ_SAMPLES/Drug_B,,,,,,,
305,2022-12-01 20:23:00,6406489831cdc8e2baabf1bb55c770db7402111997feddd153a0e115eec30373,Cyverse-RNA-Tutorial,Bash,a1294,cd,,,cd ~,,,,,,,,,
306,2022-12-01 20:23:00,6406489831cdc8e2baabf1bb55c770db7402111997feddd153a0e115eec30373,Cyverse-RNA-Tutorial,Bash,a1294,cd,,,cd ~/data/input/RNA_SEQ_SAMPLES/Dcd ~/data/input/RNA_SEQ_SAMPLES/Drug_B,/home/jovyan/.offline.sh: line 354: cd: too many arguments,,,,,,,,
307,2022-12-01 20:23:00,6406489831cdc8e2baabf1bb55c770db7402111997feddd153a0e115eec30373,Cyverse-RNA-Tutorial,Bash,a1294,cd,,,cd ~/data/input/RNA_SEQ_SAMPLES/Drug_B,,,,,,,,,
308,2022-12-01 20:24:00,6406489831cdc8e2baabf1bb55c770db7402111997feddd153a0e115eec30373,Cyverse-RNA-Tutorial,Bash,a1294,cd,,,cd ~/data/input/RNA_SEQ_SAMPLES/Drug_B,,,,,,,,,
309,2022-12-01 20:24:00,6406489831cdc8e2baabf1bb55c770db7402111997feddd153a0e115eec30373,Cyverse-RNA-Tutorial,Bash,a1294,cd,,..,cd ..,,,,,,,,,
310,2022-12-01 20:25:00,6406489831cdc8e2baabf1bb55c770db7402111997feddd153a0e115eec30373,Cyverse-RNA-Tutorial,Bash,a1294,cd,,,cd Drug_A,,,,,,,,,
311,2022-12-01 20:25:00,6406489831cdc8e2baabf1bb55c770db7402111997feddd153a0e115eec30373,Cyverse-RNA-Tutorial,Bash,a1294,cd,,../Drug_B/,cd ../Drug_B/,,,,,,,,,
312,2022-12-01 20:25:00,6406489831cdc8e2baabf1bb55c770db7402111997feddd153a0e115eec30373,Cyverse-RNA-Tutorial,Bash,a1294,cd,,../../,cd ../../,,,,,,,,,
313,2022-12-01 20:25:00,6406489831cdc8e2baabf1bb55c770db7402111997feddd153a0e115eec30373,Cyverse-RNA-Tutorial,Bash,a1294,ls,,,ls,,"Bash
Discovery
DNASubway
genome.fas
RNA_SEQ_SAMPLES",,,,,,,
314,2022-12-01 20:25:00,6406489831cdc8e2baabf1bb55c770db7402111997feddd153a0e115eec30373,Cyverse-RNA-Tutorial,Bash,a1294,ls,,,ls -a,,"Bash
Discovery
DNASubway
genome.fas
RNA_SEQ_SAMPLES",,,,,,,
315,2022-12-01 20:25:00,6406489831cdc8e2baabf1bb55c770db7402111997feddd153a0e115eec30373,Cyverse-RNA-Tutorial,Bash,a1294,cd,,,cd RNA_SEQ_SAMPLES/Drug_B,,,,,,,,,
316,2022-12-01 20:26:00,6406489831cdc8e2baabf1bb55c770db7402111997feddd153a0e115eec30373,Cyverse-RNA-Tutorial,Bash,a1294,ls,,,ls,,"Drug_B_1.fastq
Drug_B_1.fastq.gz
Drug_B_2.fastq
Drug_B_2.fastq.gz",,,,,,,
317,2022-12-01 20:26:00,6406489831cdc8e2baabf1bb55c770db7402111997feddd153a0e115eec30373,Cyverse-RNA-Tutorial,Bash,a1294,ls,,,ls -a,,"Drug_B_1.fastq
Drug_B_1.fastq.gz
Drug_B_2.fastq
Drug_B_2.fastq.gz",,,,,,,
318,2022-12-01 20:26:00,6406489831cdc8e2baabf1bb55c770db7402111997feddd153a0e115eec30373,Cyverse-RNA-Tutorial,Bash,a1294,cd,,./../Drug_A,cd ./../Drug_A,,,,,,,,,
319,2022-12-01 20:26:00,6406489831cdc8e2baabf1bb55c770db7402111997feddd153a0e115eec30373,Cyverse-RNA-Tutorial,Bash,a1294,ls,,,ls,,"Drug_A_1.fastq
Drug_A_1.fastq.gz
Drug_A_2.fastq
Drug_A_2.fastq.gz",,,,,,,
320,2022-12-01 20:26:00,6406489831cdc8e2baabf1bb55c770db7402111997feddd153a0e115eec30373,Cyverse-RNA-Tutorial,Bash,a1294,cd,,..,cd ..,,,,,,,,,
321,2022-12-01 20:26:00,6406489831cdc8e2baabf1bb55c770db7402111997feddd153a0e115eec30373,Cyverse-RNA-Tutorial,Bash,a1294,ls,,,ls,,"Drug_A
Drug_B",,,,,,,
322,2022-12-01 20:26:00,6406489831cdc8e2baabf1bb55c770db7402111997feddd153a0e115eec30373,Cyverse-RNA-Tutorial,Bash,a1294,cd,,..,cd ..,,,,,,,,,
323,2022-12-01 20:26:00,6406489831cdc8e2baabf1bb55c770db7402111997feddd153a0e115eec30373,Cyverse-RNA-Tutorial,Bash,a1294,ls,,,ls,,"Bash
Discovery
DNASubway
genome.fas
RNA_SEQ_SAMPLES",,,,,,,
324,2022-12-01 20:26:00,6406489831cdc8e2baabf1bb55c770db7402111997feddd153a0e115eec30373,Cyverse-RNA-Tutorial,Bash,a1294,cd,,,cd Bash/,,,,,,,,,
325,2022-12-01 20:27:00,6406489831cdc8e2baabf1bb55c770db7402111997feddd153a0e115eec30373,Cyverse-RNA-Tutorial,Bash,a1294,pwd,,,pwd,,/home/jovyan/data/input/Bash,,,,,,,
326,2022-12-01 20:27:00,6406489831cdc8e2baabf1bb55c770db7402111997feddd153a0e115eec30373,Cyverse-RNA-Tutorial,Bash,a1294,ls,,,ls,,,,,,,,,
327,2022-12-01 20:28:00,6406489831cdc8e2baabf1bb55c770db7402111997feddd153a0e115eec30373,Cyverse-RNA-Tutorial,Bash,a1294,ls,,,ls,,,,,,,,,
328,2022-12-01 20:31:00,6406489831cdc8e2baabf1bb55c770db7402111997feddd153a0e115eec30373,Cyverse-RNA-Tutorial,Bash,a1294,ls,,,ls,,,,,,,,,
329,2023-01-19 14:29:00,f310fbeac6853eb621fdec11fbf18b37d4c3a6aa9e7f33f41f54ebfa00f38515,Cyverse-RNA-Tutorial,Bash,a5cc4,ls,,,ls,,"data-store
stderr.txt
SuperShell
work",,,,,,,
330,2023-01-19 14:29:00,f310fbeac6853eb621fdec11fbf18b37d4c3a6aa9e7f33f41f54ebfa00f38515,Cyverse-RNA-Tutorial,Bash,a5cc4,mkdir,,,mkdir bin,,,,,,,,,
331,2023-01-19 14:30:00,f310fbeac6853eb621fdec11fbf18b37d4c3a6aa9e7f33f41f54ebfa00f38515,Cyverse-RNA-Tutorial,Bash,a5cc4,cd,,,cd work/,,,,,,,,,
332,2023-01-19 14:30:00,f310fbeac6853eb621fdec11fbf18b37d4c3a6aa9e7f33f41f54ebfa00f38515,Cyverse-RNA-Tutorial,Bash,a5cc4,ls,,,ls,,,,,,,,,
333,2023-01-19 14:32:00,f310fbeac6853eb621fdec11fbf18b37d4c3a6aa9e7f33f41f54ebfa00f38515,Cyverse-RNA-Tutorial,Bash,a5cc4,mkdir,,,mkdir Bash,,,,,,,,,
334,2023-01-19 14:32:00,f310fbeac6853eb621fdec11fbf18b37d4c3a6aa9e7f33f41f54ebfa00f38515,Cyverse-RNA-Tutorial,Bash,a5cc4,cd,,,cd Bash/,,,,,,,,,
335,2023-01-19 14:32:00,f310fbeac6853eb621fdec11fbf18b37d4c3a6aa9e7f33f41f54ebfa00f38515,Cyverse-RNA-Tutorial,Bash,a5cc4,pwd,,,pwd,,/home/jovyan/work/Bash,,,,,,,
336,2023-01-19 14:33:00,f310fbeac6853eb621fdec11fbf18b37d4c3a6aa9e7f33f41f54ebfa00f38515,Cyverse-RNA-Tutorial,Bash,a5cc4,clear,,,clear,,[H[2J[3J,,,,,,,
337,2023-01-19 14:33:00,f310fbeac6853eb621fdec11fbf18b37d4c3a6aa9e7f33f41f54ebfa00f38515,Cyverse-RNA-Tutorial,Bash,a5cc4,ls,,,ls,,,,,,,,,
338,2023-01-19 14:33:00,f310fbeac6853eb621fdec11fbf18b37d4c3a6aa9e7f33f41f54ebfa00f38515,Cyverse-RNA-Tutorial,Bash,a5cc4,pwd,,,pwd,,/home/jovyan/work/Bash,,,,,,,
339,2023-01-19 14:34:00,f310fbeac6853eb621fdec11fbf18b37d4c3a6aa9e7f33f41f54ebfa00f38515,Cyverse-RNA-Tutorial,Bash,a5cc4,pwd,,,pwd,,/home/jovyan/work/Bash,,,,,,,
340,2023-01-19 14:39:00,f310fbeac6853eb621fdec11fbf18b37d4c3a6aa9e7f33f41f54ebfa00f38515,Cyverse-RNA-Tutorial,Bash,a5cc4,ls,,,ls ~/data-store/data/input/Discovery/TSVFiles/,,,,,,,,,
341,2023-01-19 14:40:00,f310fbeac6853eb621fdec11fbf18b37d4c3a6aa9e7f33f41f54ebfa00f38515,Cyverse-RNA-Tutorial,Bash,a5cc4,touch,,~/data-store/data/input/Discovery/TSVFiles/A_1_abundance.tsv,touch ~/data-store/data/input/Discovery/TSVFiles/A_1_abundance.tsv,touch: cannot touch '/home/jovyan/data-store/data/input/Discovery/TSVFiles/A_1_abundance.tsv': Permission denied,,,,,,,,
342,2022-12-15 19:11:00,7450c9f9ba0d2c95651dffecd26e1fb9d33247117dd9acc897e4ad591582c159,Cyverse-RNA-Tutorial,Bash,aed0e,clear,,,clear,,[H[2J[3J,,,,,,,
343,2022-12-15 19:11:00,7450c9f9ba0d2c95651dffecd26e1fb9d33247117dd9acc897e4ad591582c159,Cyverse-RNA-Tutorial,Bash,aed0e,ls,,,ls,,"data
home
stderr.txt
stdout.txt
SuperShell",,,,,,,
344,2022-12-15 19:14:00,7450c9f9ba0d2c95651dffecd26e1fb9d33247117dd9acc897e4ad591582c159,Cyverse-RNA-Tutorial,Bash,aed0e,cd,,,cd,,,,,,,,,
345,2022-12-15 19:16:00,7450c9f9ba0d2c95651dffecd26e1fb9d33247117dd9acc897e4ad591582c159,Cyverse-RNA-Tutorial,Bash,aed0e,clear,,,clear,,[H[2J[3J,,,,,,,
