error,correct_response,graph_prediction,graph_accuracy,chatgpt_prediction,chatgpt_accuracy
/bin/ls: cannot access 'RNA_SEQ_SAMPLES': No such file or directory,/usr/bin/which,/usr/bin/which,1,ls stderr.txt,0
"/home/jovyan/.offline.sh: eval: line 354: unexpected EOF while looking for matching ``'
/home/jovyan/.offline.sh: eval: line 355: syntax error: unexpected end of file",cd,cd,1,ls -l data-store/data/input/Discovery/,0
"/home/jovyan/.offline.sh: eval: line 368: unexpected EOF while looking for matching `""'
/home/jovyan/.offline.sh: eval: line 369: syntax error: unexpected end of file",echo,echo,1,ls -l data-store/data/input/Discovery/TSVFiles,0
/home/jovyan/.offline.sh: line 354: cd: ...: No such file or directory,cd,cd,1,ls -l,0
/home/jovyan/.offline.sh: line 354: cd: ./../Drug_a: No such file or directory,cd,cd,1,cd ./data-store/data/input/RNA_SEQ_SAMPLES/,0
/home/jovyan/.offline.sh: line 354: cd: /home/jovyan/data/input/Bash: No such file or directory,ls,ls,1,ls -a,0
/home/jovyan/.offline.sh: line 354: cd: Bash: No such file or directory,cd,cd,1,cd ./data-store/data/input/RNA_SEQ_SAMPLES/,0
/home/jovyan/.offline.sh: line 354: cd: RNA_SEQ_SAMPLES: No such file or directory,pwd,pwd,1,ls -a,0
/home/jovyan/.offline.sh: line 354: cd: StatParam: No such file or directory,ls,ls,1,ls -a,0
/home/jovyan/.offline.sh: line 354: cd: data-store/data/input/RNA_SEQ_SAMPLES/: No such file or directory,ls,ls,1,cat hello.txt goodbye.txt hello_goodbye.txt ,0
/home/jovyan/.offline.sh: line 354: cd: gunings: No such file or directory,ls,ls,1,ls ~/data-store/data/output/misc/misc_child/*.txt,0
/home/jovyan/.offline.sh: line 354: cd: i: No such file or directory,cd,cd,1,ls -l ~/*.txt,0
/home/jovyan/.offline.sh: line 354: cd: misc_child/: Not a directory,ls,ls,1,ln -s hello.txt _hello.txt,0
/home/jovyan/.offline.sh: line 354: cd: misc_child: Not a directory,ls,ls,1,cp -r ~/data-store/data/output/misc ~/misc,0
/home/jovyan/.offline.sh: line 354: cd: ms: No such file or directory,cd,cd,1,cd path_to_directory_with_RNA_SEQ_SAMPLES,0
/home/jovyan/.offline.sh: line 354: cd: ou: No such file or directory,cd,cd,1,rm ~/data-store/data/input/Discovery/TSVFiles/A_1_abundance.tsv,0
/home/jovyan/.offline.sh: line 354: cd: put: No such file or directory,cd,cd,1,cd ~/data-store/data/input/Discovery/TSVFiles,0
/home/jovyan/.offline.sh: line 354: cd: pwd: No such file or directory,which,which,1,ls ../jovyan,0
/home/jovyan/.offline.sh: line 354: cd: too many arguments,cd,cd,1,cd ..,0
/home/jovyan/.offline.sh: line 354: cd: work: No such file or directory,ls,ls,1,cd ./../Drug_A,0
/home/jovyan/.offline.sh: line 354: cd: xiaomajur: No such file or directory,ls,ls,1,cat misc_child/echo.out,0
/home/jovyan/.offline.sh: line 368: -l: command not found,ls,ls,1,cat cat.out goodbye.txt hello_goodbye.txt hello.txt ls.out misc_child/echo_output.txt,0
/home/jovyan/.offline.sh: line 368: /home/jovyan/data-store/data/input/Discovery/TSVFiles/A1_abundance.tsv: Permission denied,ls,ls,1, find ~/data-store/data/output/misc/ -type f -exec cat {} \; ,0
/home/jovyan/.offline.sh: line 368: /home/jovyan/data-store/data/input/RNA_SEQ_SAMPLES: Is a directory,ls,ls,1,mv hello.txt ~/ ,0
/home/jovyan/.offline.sh: line 368: Discovery: command not found,ls,ls,1,ln -s ~/renamed_hello.txt hello.txt,0
/home/jovyan/.offline.sh: line 368: exut: command not found,exut,exut,1,cp -r ~/data-store/data/output/misc ~/misc,0
/home/jovyan/.offline.sh: line 368: linked_hello.txt: command not found,cat,cat,1,mkdir aa,0
/home/jovyan/.offline.sh: line 368: ls..: command not found,ls,ls,1,ls -l -R,0
/home/jovyan/.offline.sh: line 368: lx: command not found,ls,ls,1,cd misc_child,0
/home/jovyan/.offline.sh: line 368: misc_child/1: No such file or directory,cd,cd,1,ls,0
/home/jovyan/.offline.sh: line 368: misc_child/echo_output.txt: No such file or directory,ls,ls,1,cd ~/ms,0
/home/jovyan/.offline.sh: line 368: move: command not found,mv,mv,1,echo “goodbye world” ,0
/home/jovyan/.offline.sh: line 368: piso: command not found,ls,ls,1,cat ~/data-store/data/output/misc/misc_child/*,0
/home/jovyan/.offline.sh: line 368: sl: command not found,ls,ls,1,cat misc_child/*,0
/home/jovyan/.offline.sh: line 368: wpd: command not found,pwd,pwd,1,code,0
cat: /home/jovyan/data-store/data/output/misc/misc_child: Is a directory,cat,cat,1,cd ..,0
cat: cat: No such file or directory,ls,ls,1,ls,1
cat: echo.out: No such file or directory,cat,cat,1,cd ..,0
cat: hello.txt: No such file or directory,ls,ls,1,cd misc_child/1,0
cat: hello.txt: Too many levels of symbolic links,ls,ls,1,ln -s hello.txt linked_hello.txt,0
cat: linked_hello.txt: No such file or directory,ls,ls,1,ln -s ~/hello.txt linked_hello.txt,0
cat: misc_child: Is a directory,cat,cat,1,ln -s hello.txt _hello.txt,0
cp: -r not specified; omitting directory '/home/jovyan/data-store/data/output/misc',cp,cp,1,ln -s hello.txt linked_hello.txt,0
cp: -r not specified; omitting directory '/home/jovyan/data-store/data/output/misc/',cd,cd,1,ln -sf hello.txt linked_hello.txt,0
cp: target 'goodbye.txt' is not a directory,ls,ls,1,cat renamed_hello.txt,0
ln: failed to create symbolic link '/home/jovyan/data-store/data/input/Discovery/TSVFiles/A_1_abundance.tsv': File exists,ls,ls,1, pwd ,0
ln: failed to create symbolic link '/home/jovyan/data-store/data/input/Discovery/TSVFiles/A_1_abundance.tsv': Input/output error,ln,ln,1,cp -r ~/data-store/data/output/misc ~/misc,0
ln: failed to create symbolic link 'hello.txt': File exists,pwd,pwd,1,cp -r ~/data-store/data/output/misc/ ~/misc,0
ln: failed to create symbolic link 'linked_hello.txt': Input/output error,pwd,pwd,1,ln -s ./renamed_misc_child ./linked_misc_child,0
ln: target '_hello.txt' is not a directory,ln,ln,1,ls,0
ln: target 'linked_hello.txt' is not a directory,ln,ln,1,mkdir copied_misc_child,0
ln: target 'linked_misc_child' is not a directory,ln,ln,1,mkdir shortcut_misc_child,0
ls: cannot access '-': No such file or directory,ls,ls,1,cd .. && ls | grep copied_misc_child,0
"ls: cannot access '-': No such file or directory
ls: cannot access 'l': No such file or directory",ls,ls,1,cd output,0
ls: cannot access '..jovyan': No such file or directory,ls,ls,1,ls,1
ls: cannot access './data/input/RNA_SEQ_SAMPLES': No such file or directory,ls,ls,1,cd test,0
ls: cannot access '/gunings/RNA_SEQ_SAMPLES': No such file or directory,ls,ls,1,cat linked_hello.txt,0
ls: cannot access '/home/jovyan/RNA_SEQ_SAMPLES': No such file or directory,ls,ls,1,cd path/to/directory,0
ls: cannot access '/home/jovyan/data-store/data/input/Discover': No such file or directory,ls,ls,1,ls,1
ls: cannot access 'A_1_abundance.tsv': No such file or directory,ln,ln,1,touch linked_hello.txt,0
ls: cannot access 'Discovery': No such file or directory,ls,ls,1,touch linked_hello.txt,0
ls: cannot access 'Statparam': No such file or directory,cd,cd,1,cat linked_hello.txt,0
ls: cannot access 'Stderr.txt': No such file or directory,ls,ls,1,sudo chmod -R 775 ~/data-store/data/input/Discovery/TSVFiles/,0
ls: cannot access 'Stdout.txt': No such file or directory,clear,clear,1,ls -l /path/to/source/file,0
ls: cannot access 'aa': No such file or directory,ls,ls,1,find / -name Stderr.txt,0
ls: cannot access 'copied_misc_child': No such file or directory,ls,ls,1,ls dt,0
ls: cannot access 'd^t': No such file or directory,ls,ls,1,cd Input,0
ls: cannot access 'data-store/data/input/D': No such file or directory,ls,ls,1,mkdir pwd,0
ls: cannot access 'data-store/data/input/D^t': No such file or directory,ls,ls,1,"echo ""hello world""",0
ls: cannot access 'data-store/data/input/D^t^t': No such file or directory,ls,ls,1,cat misc_child/file1.txt,0
ls: cannot access 'data-store/data/input/Discov': No such file or directory,ls,ls,1,rm hello.txt,0
"ls: cannot access 'data/input/Discovery/ls': No such file or directory
ls: cannot access '–l': No such file or directory",ls,ls,1,rm hello.txt && ln -s ../hello.txt hello.txt,0
ls: cannot access 'gunings': No such file or directory,cd,cd,1,ls,0
ls: cannot access 'gunings/RNA_SEQ_SAMPLES': No such file or directory,ls,ls,1,cp -r ~/data-store/data/output/misc ~/misc,0
ls: cannot access 'home': No such file or directory,ls,ls,1,mkdir -p /home/jovyan/data-store/data/input/Discover,0
ls: cannot access 'renamed_misc_child': No such file or directory,cd,cd,1,ls /home/jovyan/data/input,0
ls: cannot access 'shortcut_misc_child': No such file or directory,cd,cd,1,cd input,0
ls: cannot access 'stderr.txtls': No such file or directory,ls,ls,1,sudo mkdir misc,0
ls: cannot access 'stdout.txt': No such file or directory,ls,ls,1,sudo mkdir misc,0
"ls: cannot access '–': No such file or directory
ls: cannot access 'l': No such file or directory",ls,ls,1,ls /home/jovyan/data-store/data/input/RNA_SEQ_SAMPLES,0
ls: cannot access '–a': No such file or directory,ls,ls,1,ls /home/jovyan/data-store/data/input/RNA_SEQ_SAMPLES,0
ls: cannot access '–l': No such file or directory,ls,ls,1,cat stderr.txt,0
"ls: cannot access '–l': No such file or directory
ls: cannot access '/home/jovyan/*.err': No such file or directory",ls,ls,1,ls dt,0
"ls: cannot access '–l': No such file or directory
ls: cannot access '/home/jovyan/*.log': No such file or directory",ls,ls,1,ls data-store/data/input/Discover,0
"ls: invalid option -- '.'
Try 'ls --help' for more information.",cd,cd,1,"find ~/ -type d -name ""your-directory""",0
mkdir: cannot create directory ‘bin’: Permission denied,ls,ls,1,ls ~/data-store/data/output/misc/misc_child,0
mkdir: cannot create directory ‘misc’: Permission denied,ls,ls,1,ls -l ~/*.log,0
mkdir: cannot create directory ‘mschild’: Permission denied,ls,ls,1,ls -l ~/*.txt,0
touch: cannot touch '/home/jovyan/data-store/data/input/Discovery/TSVFiles/A_1_abundance.tsv': Permission denied,ls,ls,1,ls -l *.txt,0
